NaturalId,Name,Type,PositionX,PositionY,PositionZ,SectorId,SubSectorId
AJ-120,AJ-120,K,-324.907958984375,-332.2821350097656,83.99424743652344,sector-92,subsector-92-8
AJ-135,AJ-135,M,-350.2112731933594,-334.1878356933594,106.18109130859375,sector-92,subsector-92-11
AJ-293,AJ-293,G,-240.5155792236328,-415.50299072265625,124.17828369140625,sector-92,subsector-92-21
AJ-300,AJ-300,G,-366.7795104980469,-353.0759582519531,64.85352325439453,sector-92,subsector-92-13
AJ-505,AJ-505,M,-272.5320739746094,-317.1469421386719,114.63621520996094,sector-92,subsector-92-0
AJ-575,AJ-575,G,-235.94989013671875,-370.81439208984375,99.93284606933594,sector-92,subsector-92-23
AJ-768,AJ-768,K,-226.83676147460938,-331.4929504394531,82.58387756347656,sector-92,subsector-92-1
AJ-946,AJ-946,K,-208.31019592285156,-358.01654052734375,72.26835632324219,sector-92,subsector-92-22
AM-001,AM-001,M,713.5591430664062,91.92314147949219,20,sector-39,subsector-39-8
AM-371,AM-371,F,728.2296142578125,829.2439575195312,82.64874267578125,sector-35,subsector-35-6
AM-429,AM-429,F,772.1066284179688,5.283124923706055,25.082199096679688,sector-39,subsector-39-18
AM-462,AM-462,K,828.3761596679688,762.3771362304688,65.98387145996094,sector-35,subsector-35-22
AM-528,AM-528,O,751.1516723632812,107.36231994628906,119.92914581298828,sector-39,subsector-39-4
AM-628,AM-628,G,742.05908203125,711.6987915039062,51.40690994262695,sector-35,subsector-35-19
AM-644,AM-644,K,781.126953125,86.10360717773438,20,sector-39,subsector-39-20
AM-695,AM-695,K,727.4373168945312,64.05425262451172,47.538475036621094,sector-39,subsector-39-12
AM-783,Arclight,K,676.5502319335938,110.91278076171875,69.18672180175781,sector-39,subsector-39-10
AM-884,AM-884,M,766.7584838867188,153.38597106933594,50.64363479614258,sector-39,subsector-39-5
AM-978,AM-978,K,767.1181640625,34.68962860107422,53.35579299926758,sector-39,subsector-39-19
AN-240,AN-240,K,719.7398681640625,767.4120483398438,80.3894271850586,sector-35,subsector-35-12
AS-479,AS-479,M,-477.7692565917969,-865.93701171875,62.77743148803711,sector-103,subsector-103-17
AU-130,AU-130,K,354.4147644042969,-636.135986328125,114.41355895996094,sector-80,subsector-80-2
AU-290,AU-290,M,290.64886474609375,-664.5394287109375,133.79212951660156,sector-80,subsector-80-4
AU-322,AU-322,G,216.64950561523438,-697.2433471679688,97.61547088623047,sector-80,subsector-80-13
AU-522,AU-522,M,238.26734924316406,-730.18896484375,142.12545776367188,sector-80,subsector-80-15
AU-605,AU-605,F,283.458740234375,-775.25439453125,96.11750793457031,sector-80,subsector-80-17
AU-686,AU-686,M,264.5229187011719,-607.3462524414062,88.10165405273438,sector-80,subsector-80-6
AU-709,AU-709,F,365.55615234375,-737.4619140625,73.97578430175781,sector-80,subsector-80-21
AU-876,AU-876,M,323.0981140136719,-665.8709716796875,104.89995574951172,sector-80,subsector-80-0
AW-006,AW-006,K,-495.3707580566406,-80.8530044555664,101.4073257446289,sector-67,subsector-67-8
AW-066,AW-066,A,-510.3768615722656,-150.6749267578125,109.02601623535156,sector-67,subsector-67-14
AW-284,AW-284,K,-361.1835021972656,-72.18875885009766,100.85127258300781,sector-67,subsector-67-1
AW-726,AW-726,F,-462.1827087402344,-164.8850860595703,63.62545394897461,sector-67,subsector-67-17
AW-844,AW-844,G,-454.3811950683594,-134.53207397460938,75.34073638916016,sector-67,subsector-67-19
AX-013,AX-013,K,-1071.5242919921875,-195.93508911132812,29.206031799316406,sector-98,subsector-98-6
AX-128,AX-128,K,-1034.7333984375,-305.682861328125,54.561012268066406,sector-98,subsector-98-19
AX-215,AX-215,G,-1114.5709228515625,-243.17156982421875,44.608154296875,sector-98,subsector-98-10
AX-383,AX-383,M,-984.7839965820312,-269.5091857910156,139.9734649658203,sector-98,subsector-98-22
AX-558,AX-558,G,-993.5155639648438,-192.33836364746094,104.79624938964844,sector-98,subsector-98-2
AX-872,AX-872,K,-1091.11083984375,-343.0801696777344,73.85933685302734,sector-98,subsector-98-17
AX-908,AX-908,G,-1098.2169189453125,-189.71566772460938,90.79214477539062,sector-98,subsector-98-9
BI-373,BI-373,F,279.4482727050781,-976.3510131835938,61.86697006225586,sector-84,subsector-84-6
BI-417,BI-417,G,330.69586181640625,-1068.15869140625,56.678348541259766,sector-84,subsector-84-20
BI-500,BI-500,G,349.9762268066406,-1093.58544921875,133.72227478027344,sector-84,subsector-84-21
BI-805,BI-805,G,242.18923950195312,-966.7045288085938,83.98747253417969,sector-84,subsector-84-9
BS-257,BS-257,M,410.53094482421875,-1130.968017578125,105.25804901123047,sector-85,subsector-85-12
BS-290,BS-290,K,420.2260437011719,-1105.7100830078125,70.60926055908203,sector-85,subsector-85-8
BS-409,BS-409,G,467.6030578613281,-1116.113037109375,110.41400909423828,sector-85,subsector-85-0
BS-531,BS-531,M,-95.26668548583984,-221.8971710205078,42.05523681640625,sector-61,subsector-61-3
BS-658,BS-658,M,-145.653076171875,-285.3934326171875,107.65496826171875,sector-61,subsector-61-16
BS-788,BS-788,K,-221.41737365722656,-231.18997192382812,92.865966796875,sector-61,subsector-61-10
BS-865,BS-865,K,484.25177001953125,-1089.0435791015625,87.95601654052734,sector-85,subsector-85-3
BS-987,BS-987,K,401.6305847167969,-1195.7049560546875,103.85564422607422,sector-85,subsector-85-14
CB-045,CB-045,K,480.83526611328125,457.7388916015625,92.78736877441406,sector-32,subsector-32-0
CB-276,CB-276,M,494.62408447265625,508.38323974609375,58.89081573486328,sector-32,subsector-32-2
CB-282,CB-282,K,388.28302001953125,392.2922668457031,101.00677490234375,sector-32,subsector-32-15
CB-528,CB-528,K,468.6399841308594,511.7070007324219,70.94331359863281,sector-32,subsector-32-5
CC-541,CC-541,M,-734.95703125,-309.68988037109375,83.65444946289062,sector-95,subsector-95-19
CC-558,CC-558,F,-668.0975952148438,-259.57464599609375,97.28117370605469,sector-95,subsector-95-1
CC-674,CC-674,M,-789.9063720703125,-252.55484008789062,127.11077117919922,sector-95,subsector-95-8
CC-848,CC-848,G,-760.289306640625,-262.783935546875,83.79544830322266,sector-95,subsector-95-12
CG-021,CG-021,B,188.17970275878906,-387.4418029785156,116.10845184326172,sector-58,subsector-58-2
CG-044,CG-044,M,173.09291076660156,-473.12060546875,46.32372283935547,sector-58,subsector-58-16
CG-281,CG-281,F,207.81005859375,-455.0552062988281,112.98796081542969,sector-58,subsector-58-23
CG-339,CG-339,K,154.21778869628906,-368.02716064453125,25.045412063598633,sector-58,subsector-58-7
CG-856,CG-856,M,151.40101623535156,-496.7879333496094,69.21549987792969,sector-58,subsector-58-19
CH-115,CH-115,K,509.52587890625,591.9549560546875,92.62581634521484,sector-31,subsector-31-22
CH-131,CH-131,K,477.14349365234375,662.761474609375,81.9189224243164,sector-31,subsector-31-5
CH-364,CH-364,A,367.97332763671875,610.9720458984375,88.8829574584961,sector-31,subsector-31-10
CH-657,CH-657,M,391.3370056152344,563.48486328125,94.20330810546875,sector-31,subsector-31-15
CH-771,CH-771,K,527.2559814453125,631.3751220703125,98.09454345703125,sector-31,subsector-31-1
CH-913,CH-913,G,447.92828369140625,623.4807739257812,95.30166625976562,sector-31,subsector-31-4
DC-094,DC-094,F,1151.4681396484375,362.46160888671875,90.82392883300781,sector-44,subsector-44-11
DC-724,DC-724,M,1153.151123046875,276.9789733886719,106.23856353759766,sector-44,subsector-44-14
DC-823,DC-823,K,1297.392822265625,344.23779296875,100.78134155273438,sector-44,subsector-44-22
DC-970,DC-970,G,1255.7718505859375,335.17181396484375,45.79216003417969,sector-44,subsector-44-23
DW-161,DW-161,G,75.4826431274414,343.8648376464844,87.38648986816406,sector-7,subsector-7-22
DW-419,DW-419,G,-60.558135986328125,280.2484436035156,20.26758575439453,sector-7,subsector-7-14
DW-456,DW-456,K,40.51017379760742,316.4712829589844,101.48799896240234,sector-7,subsector-7-23
DW-739,DW-739,M,-7.837299346923828,341.9632873535156,83.61170959472656,sector-7,subsector-7-12
DW-835,DW-835,K,-84.87535095214844,333.51324462890625,63.495426177978516,sector-7,subsector-7-13
DX-325,DX-325,A,-1127.98974609375,-379.9076232910156,87.85159301757812,sector-99,subsector-99-22
DX-561,DX-561,M,-1282.592041015625,-352.3465576171875,106.35807037353516,sector-99,subsector-99-13
DX-853,DX-853,M,-1213.8154296875,-309.8815002441406,78.51046752929688,sector-99,subsector-99-4
DX-916,DX-916,K,-1222.1175537109375,-278.983154296875,66.34481811523438,sector-99,subsector-99-6
EL-179,EL-179,K,1045.3076171875,372.83197021484375,88.6511459350586,sector-43,subsector-43-19
EL-419,EL-419,G,1023.5670776367188,480.8757629394531,98.11921691894531,sector-43,subsector-43-6
EL-768,EL-768,B,1088.390625,477.2441101074219,87.07775115966797,sector-43,subsector-43-2
EL-952,EL-952,M,1076.5611572265625,386.8816833496094,34.591800689697266,sector-43,subsector-43-18
EM-009,EM-009,K,-652.6376953125,538.5335693359375,31.908781051635742,sector-70,subsector-70-11
EM-355,EM-355,G,-668.30517578125,510.91217041015625,94.53913116455078,sector-70,subsector-70-13
EM-398,EM-398,G,-555.7422485351562,459.0103454589844,79.18177032470703,sector-70,subsector-70-21
EM-759,EM-759,K,-547.95947265625,543.4087524414062,54.00675964355469,sector-70,subsector-70-3
EM-789,EM-789,M,-600.0765991210938,521.6583862304688,99.66974639892578,sector-70,subsector-70-4
EM-929,EM-929,K,-585.1231079101562,455.5762634277344,71.32467651367188,sector-70,subsector-70-18
EM-988,EM-988,K,-694.885986328125,525.7993774414062,59.038169860839844,sector-70,subsector-70-10
EW-238,EW-238,G,323.31378173828125,-443.5016174316406,75.89961242675781,sector-59,subsector-59-5
EW-274,EW-274,G,362.30523681640625,-541.31005859375,67.28758239746094,sector-59,subsector-59-23
EW-369,EW-369,F,291.3423767089844,-540.82373046875,77.06819152832031,sector-59,subsector-59-16
EW-445,EW-445,M,383.2538146972656,-527.1898193359375,123.81277465820312,sector-59,subsector-59-22
EW-604,EW-604,M,369.21173095703125,-483.4689025878906,73.37559509277344,sector-59,subsector-59-3
EW-652,EW-652,K,341.7133483886719,-602.56396484375,74.89700317382812,sector-59,subsector-59-18
EW-943,EW-943,M,263.9862976074219,-508.776123046875,84.599609375,sector-59,subsector-59-8
EW-985,EW-985,K,335.98541259765625,-574.197509765625,59.545921325683594,sector-59,subsector-59-21
EX-071,EX-071,A,-922.5223999023438,578.5628662109375,72.34407806396484,sector-72,subsector-72-6
EX-183,EX-183,G,-897.0502319335938,601.219970703125,117.4011459350586,sector-72,subsector-72-5
EX-292,EX-292,K,-965.987548828125,561.6449584960938,94.36125183105469,sector-72,subsector-72-11
EX-326,EX-326,M,-934.44775390625,441.3603210449219,85.3473892211914,sector-72,subsector-72-17
EX-389,EX-389,G,-878.8348388671875,526.3671875,68.3403091430664,sector-72,subsector-72-0
EX-740,EX-740,K,-898.6047973632812,546.2244262695312,95.61119079589844,sector-72,subsector-72-4
EX-925,EX-925,K,-883.0283813476562,491.48101806640625,98.25391387939453,sector-72,subsector-72-20
EY-303,EY-303,K,-430.277587890625,-272.3133239746094,51.885257720947266,sector-93,subsector-93-20
EY-351,EY-351,K,-479.9287109375,-254.62803649902344,95.99639892578125,sector-93,subsector-93-8
EY-358,EY-358,M,-404.3466796875,-222.81947326660156,72.21626281738281,sector-93,subsector-93-3
EY-363,EY-363,M,-462.4194030761719,-195.43516540527344,92.28508758544922,sector-93,subsector-93-7
EY-430,EY-430,A,-409.3392028808594,-298.52288818359375,93.69612121582031,sector-93,subsector-93-23
EY-493,EY-493,M,-530.8556518554688,-250.34193420410156,105.7884292602539,sector-93,subsector-93-10
EY-577,EY-577,K,-439.2716064453125,-334.240234375,124.71931457519531,sector-93,subsector-93-18
EY-847,EY-847,K,-530.458251953125,-286.3983459472656,79.22465515136719,sector-93,subsector-93-13
EZ-176,EZ-176,M,-1037.8623046875,238.01638793945312,67.72810363769531,sector-77,subsector-77-16
EZ-190,EZ-190,M,-1062.31201171875,215.82394409179688,93.2447509765625,sector-77,subsector-77-19
EZ-476,EZ-476,G,-1103.6630859375,280.3195495605469,58.54508590698242,sector-77,subsector-77-11
EZ-566,EZ-566,M,-1117.9927978515625,245.06759643554688,127.87511444091797,sector-77,subsector-77-13
EZ-969,EZ-969,G,-992.2373657226562,269.869384765625,64.05316925048828,sector-77,subsector-77-1
FA-035,FA-035,K,-817.3023681640625,183.79006958007812,99.8788833618164,sector-75,subsector-75-1
FA-042,FA-042,M,-830.1770629882812,139.9156036376953,72.8115463256836,sector-75,subsector-75-22
FA-056,FA-056,K,-888.4376831054688,249.01747131347656,91.40367126464844,sector-75,subsector-75-5
FA-320,FA-320,M,-969.502197265625,222.66879272460938,69.55074310302734,sector-75,subsector-75-9
FA-382,FA-382,M,-865.0918579101562,127.4214859008789,42.19768524169922,sector-75,subsector-75-21
FK-037,FK-037,K,-122.0555648803711,-504.17169189453125,67.99276733398438,sector-62,subsector-62-18
FK-317,FK-317,M,-107.158203125,-382.7112121582031,95.91572570800781,sector-62,subsector-62-2
FK-371,FK-371,K,-213.93991088867188,-490.58319091796875,92.07307434082031,sector-62,subsector-62-14
FK-794,FK-794,K,-87.74224853515625,-478.67578125,109.47006225585938,sector-62,subsector-62-21
FW-039,FW-039,K,372.34820556640625,718.985107421875,54.51835250854492,sector-26,subsector-26-1
FW-129,FW-129,K,279.3682861328125,670.4984130859375,96.30990600585938,sector-26,subsector-26-12
FW-344,FW-344,G,380.3684387207031,659.7009887695312,65.43563079833984,sector-26,subsector-26-22
FW-691,FW-691,F,359.7586669921875,675.1637573242188,96.69004821777344,sector-26,subsector-26-23
FW-918,FW-918,K,227.17591857910156,671.59375,99.50271606445312,sector-26,subsector-26-13
GC-025,GC-025,G,-506.8991394042969,883.926025390625,108.53633880615234,sector-52,subsector-52-14
GC-032,GC-032,A,-410.9356689453125,997.9932861328125,49.734466552734375,sector-52,subsector-52-2
GC-231,GC-231,M,-390.6449890136719,963.390625,110.35844421386719,sector-52,subsector-52-1
GC-474,GC-474,M,-451.67205810546875,982.6021728515625,70.47077941894531,sector-52,subsector-52-4
GC-602,GC-602,M,-362.7838439941406,937.486328125,88.79583740234375,sector-52,subsector-52-22
GC-645,GC-645,K,-473.6263732910156,916.9777221679688,72.93614196777344,sector-52,subsector-52-12
GC-728,GC-728,K,-420.22210693359375,922.3121948242188,86.94043731689453,sector-52,subsector-52-20
GK-115,GK-115,M,231.05906677246094,-814.9408569335938,91.58773803710938,sector-81,subsector-81-9
GK-219,GK-219,M,327.1095886230469,-903.7415771484375,101.94330596923828,sector-81,subsector-81-20
GK-258,GK-258,F,361.77197265625,-858.1574096679688,44.11848831176758,sector-81,subsector-81-1
GK-439,GK-439,M,243.58270263671875,-844.8026123046875,83.19598388671875,sector-81,subsector-81-11
GK-462,GK-462,G,294.76910400390625,-893.5203247070312,62.19554138183594,sector-81,subsector-81-16
GK-476,GK-476,G,376.5880432128906,-899.1113891601562,86.61544799804688,sector-81,subsector-81-22
GK-619,GK-619,A,327.7643737792969,-787.5736083984375,53.04829788208008,sector-81,subsector-81-5
GK-996,GK-996,K,235.4183349609375,-893.754638671875,119.51964569091797,sector-81,subsector-81-15
GM-037,GM-037,M,408.370361328125,-775.571044921875,91.70429229736328,sector-82,subsector-82-8
GM-212,GM-212,G,486.9993896484375,-750.4216918945312,29.12917709350586,sector-82,subsector-82-3
GM-332,GM-332,M,492.6208190917969,-822.2901611328125,132.3594512939453,sector-82,subsector-82-23
GM-498,GM-498,G,441.74530029296875,-708.86328125,48.08021926879883,sector-82,subsector-82-7
GM-844,GM-844,G,435.13720703125,-780.8472290039062,75.64794158935547,sector-82,subsector-82-12
GY-110,GY-110,G,-353.47039794921875,-5.433590412139893,97.44296264648438,sector-65,subsector-65-13
GY-135,GY-135,K,-244.41868591308594,52.15143585205078,33.09187698364258,sector-65,subsector-65-2
GY-252,GY-252,K,-289.42181396484375,47.042362213134766,96.22174072265625,sector-65,subsector-65-7
GY-528,GY-528,M,-387.9125061035156,13.13559341430664,105.03074645996094,sector-65,subsector-65-10
GY-694,GY-694,K,-263.37921142578125,75.78054809570312,108.26982879638672,sector-65,subsector-65-5
GY-811,GY-811,G,-307.4968566894531,76.83207702636719,94.41552734375,sector-65,subsector-65-6
GY-919,GY-919,M,-221.3836669921875,4.669333457946777,104.65409851074219,sector-65,subsector-65-1
GY-986,GY-986,M,-292.0863037109375,21.682430267333984,44.00144958496094,sector-65,subsector-65-4
HM-049,Mount Olympus,K,642.5980224609375,89.56342315673828,104.1058349609375,sector-37,subsector-37-18
HM-223,Gateway,K,553.8750610351562,152.39065551757812,85.16255950927734,sector-37,subsector-37-15
HM-301,HM-301,K,508.1436462402344,164.8822479248047,150,sector-37,subsector-37-13
HM-365,HM-365,K,639.6861572265625,252.61170959472656,101.10916137695312,sector-37,subsector-37-5
HM-517,HM-517,G,675.0982055664062,196.85910034179688,73.29553985595703,sector-37,subsector-37-1
HM-910,HM-910,G,587.2611694335938,157.68893432617188,144.62672424316406,sector-37,subsector-37-12
HP-242,HP-242,G,434.7048645019531,1209.287109375,90.42494201660156,sector-24,subsector-24-6
HP-454,HP-454,G,533.859375,1149.9052734375,64.63088989257812,sector-24,subsector-24-1
HP-933,HP-933,G,428.5107116699219,1119.951904296875,79.09843444824219,sector-24,subsector-24-12
HP-937,HP-937,K,499.629638671875,1143.489013671875,88.78208923339844,sector-24,subsector-24-3
HV-029,HV-029,M,-695.2374267578125,-345.1776428222656,40.98740005493164,sector-94,subsector-94-10
HV-194,HV-194,G,-566.0481567382812,-298.4743957519531,117.96693420410156,sector-94,subsector-94-2
HV-322,HV-322,K,-672.3832397460938,-355.453125,71.40247344970703,sector-94,subsector-94-13
HV-472,HV-472,K,-600.03076171875,-416.5171203613281,89.86043548583984,sector-94,subsector-94-19
HV-512,HV-512,G,-605.0368041992188,-350.25189208984375,98.84229278564453,sector-94,subsector-94-12
HV-594,HV-594,K,-540.67431640625,-328.91748046875,87.7986068725586,sector-94,subsector-94-3
HV-780,HV-780,K,-602.9815063476562,-385.2313537597656,47.16630172729492,sector-94,subsector-94-16
HV-813,HV-813,M,-590.5228881835938,-272.7025146484375,101.97052764892578,sector-94,subsector-94-5
IA-093,IA-093,K,133.8656768798828,-84.22039794921875,87.7933578491211,sector-3,subsector-3-8
IA-151,IA-151,K,172.4250030517578,-90.24789428710938,86.16394805908203,sector-3,subsector-3-20
IA-158,IA-158,M,80.45162963867188,-128.64857482910156,95.75599670410156,sector-3,subsector-3-15
IA-335,IA-335,M,140.06800842285156,-117.4525375366211,75.37177276611328,sector-3,subsector-3-16
IA-603,IA-603,K,157.84886169433594,-38.93461990356445,103.6178207397461,sector-3,subsector-3-7
IA-982,IA-982,F,198.814453125,-7.828092575073242,107.5403823852539,sector-3,subsector-3-2
IC-012,IC-012,M,-1065.2772216796875,503.3163146972656,73.75186157226562,sector-76,subsector-76-6
IC-162,IC-162,K,-1108.1453857421875,460.5195007324219,75.03312683105469,sector-76,subsector-76-11
IC-259,IC-259,M,-1037.0269775390625,420.38287353515625,105.90177154541016,sector-76,subsector-76-20
IC-530,IC-530,K,-1096.2003173828125,413.9433898925781,46.49762725830078,sector-76,subsector-76-15
IC-548,IC-548,G,-989.6572265625,382.3388977050781,64.91602325439453,sector-76,subsector-76-21
IC-685,IC-685,M,-1064.4072265625,423.7641296386719,43.01018142700195,sector-76,subsector-76-12
IC-748,IC-748,G,-1141.0596923828125,436.30389404296875,47.218666076660156,sector-76,subsector-76-10
IC-945,IC-945,A,-1025.6722412109375,457.5761413574219,56.14616012573242,sector-76,subsector-76-0
IV-102,IV-102,M,-585.1401977539062,-654.3798828125,106.34185028076172,sector-102,subsector-102-4
IV-313,IV-313,K,-633.9779052734375,295.9136047363281,108.29341888427734,sector-69,subsector-69-14
IV-524,IV-524,K,-553.7523193359375,-684.1627807617188,88.5024185180664,sector-102,subsector-102-3
IV-543,IV-543,M,-680.9537963867188,362.7854309082031,54.501678466796875,sector-69,subsector-69-10
IV-583,IV-583,M,-572.5389404296875,326.6090393066406,89.38372802734375,sector-69,subsector-69-20
IV-738,IV-738,M,-596.429931640625,-624.7553100585938,108.13081359863281,sector-102,subsector-102-7
IV-876,IV-876,K,-592.1713256835938,-774.387451171875,59.67692565917969,sector-102,subsector-102-18
IV-942,IV-942,M,-659.2203369140625,-731.2886352539062,119.5164566040039,sector-102,subsector-102-15
IY-028,IY-028,G,604.72314453125,-189.2394561767578,59.744876861572266,sector-47,subsector-47-16
IY-112,IY-112,M,572.1657104492188,-105.3939208984375,49.17725372314453,sector-47,subsector-47-6
IY-206,IY-206,M,592.21044921875,-245.24827575683594,120.49519348144531,sector-47,subsector-47-19
IY-387,IY-387,K,670.47900390625,-163.76698303222656,58.87053680419922,sector-47,subsector-47-1
IY-816,IY-816,G,528.272216796875,-222.16156005859375,78.63728332519531,sector-47,subsector-47-14
IY-964,IY-964,A,579.7843627929688,-171.57199096679688,89.93467712402344,sector-47,subsector-47-8
IZ-054,IZ-054,K,-362.515869140625,980.955810546875,83.0814437866211,sector-16,subsector-16-14
IZ-257,IZ-257,M,-234.68634033203125,1025.806640625,76.59796142578125,sector-16,subsector-16-22
IZ-437,IZ-437,K,-389.8498229980469,1054.81640625,66.45384216308594,sector-16,subsector-16-10
IZ-455,IZ-455,K,-704.8580932617188,343.54644775390625,91.81881713867188,sector-73,subsector-73-5
IZ-468,IZ-468,K,-315.93365478515625,1059.99072265625,91.024169921875,sector-16,subsector-16-8
IZ-482,IZ-482,M,-365.9097900390625,1071.183349609375,97.74545288085938,sector-16,subsector-16-11
IZ-654,IZ-654,M,-744.7424926757812,220.59738159179688,46.9604377746582,sector-73,subsector-73-16
IZ-768,IZ-768,G,-820.2642211914062,303.6681823730469,85.090087890625,sector-73,subsector-73-9
IZ-816,IZ-816,G,-340.7162780761719,1104.376953125,80.91824340820312,sector-16,subsector-16-9
IZ-911,IZ-911,K,-274.4903869628906,977.0880126953125,52.79792404174805,sector-16,subsector-16-18
JK-749,JK-749,M,-335.3456115722656,676.1380615234375,67.07534790039062,sector-11,subsector-11-12
JK-758,JK-758,M,-301.9503479003906,698.0074462890625,77.47980499267578,sector-11,subsector-11-4
JK-776,JK-776,K,-343.009765625,738.3126831054688,83.3267593383789,sector-11,subsector-11-9
JK-782,JK-782,G,-303.2125244140625,643.3123168945312,71.08715057373047,sector-11,subsector-11-19
JK-978,JK-978,M,-306.5534362792969,755.2448120117188,46.124359130859375,sector-11,subsector-11-7
JP-324,JP-324,M,-313.13128662109375,-601.1927490234375,74.58483123779297,sector-91,subsector-91-17
JS-009,JS-009,M,-259.3582763671875,-470.5705871582031,51.969085693359375,sector-91,subsector-91-2
JS-299,Neo Eden,G,415.6298828125,231.76402282714844,41.933650970458984,sector-36,subsector-36-15
JS-309,JS-309,G,-233.01031494140625,-511.89215087890625,69.39389038085938,sector-91,subsector-91-1
JS-367,JS-367,M,514.3256225585938,201.1454620361328,63.85800552368164,sector-36,subsector-36-21
JS-570,JS-570,K,473.461669921875,339.595947265625,69.3546371459961,sector-36,subsector-36-5
JS-572,JS-572,G,-340.0451965332031,-566.6876220703125,119.41580200195312,sector-91,subsector-91-14
JS-601,JS-601,F,479.1692199707031,284.6166076660156,112.82919311523438,sector-36,subsector-36-0
JS-637,JS-637,F,-376.50665283203125,-493.5868225097656,68.31958770751953,sector-91,subsector-91-10
JS-753,JS-753,K,-347.2502136230469,-541.862060546875,103.52224731445312,sector-91,subsector-91-15
JS-761,JS-761,M,382.4999694824219,314.218505859375,106.57518005371094,sector-36,subsector-36-9
JS-829,JS-829,G,-276.2115783691406,-550.3079223632812,61.438575744628906,sector-91,subsector-91-20
JS-869,JS-869,M,-374.5125732421875,-520.2271728515625,43.05601501464844,sector-91,subsector-91-13
JS-913,JS-913,M,476.16009521484375,176.47584533691406,86.4533920288086,sector-36,subsector-36-18
JS-952,Ebisu,G,425.7977600097656,300.8421936035156,66.1631088256836,sector-36,subsector-36-8
KC-051,KC-051,K,-330.6822204589844,-672.2384643554688,114.09031677246094,sector-90,subsector-90-8
KC-220,KC-220,G,-374.8861083984375,-675.4060668945312,67.53890228271484,sector-90,subsector-90-10
KC-421,KC-421,K,-292.5284729003906,-679.643798828125,104.67609405517578,sector-90,subsector-90-4
KC-424,KC-424,G,-277.6992492675781,-773.5930786132812,81.63748931884766,sector-90,subsector-90-18
KC-452,KC-452,M,-320.81988525390625,-647.571044921875,61.62776565551758,sector-90,subsector-90-7
KC-544,KC-544,K,-354.0472717285156,-711.6077270507812,121.18292999267578,sector-90,subsector-90-15
KC-765,KC-765,K,-261.9465026855469,-683.658447265625,80.02532958984375,sector-90,subsector-90-0
KC-832,KC-832,K,-208.5356903076172,-680.4111328125,103.12837982177734,sector-90,subsector-90-1
KI-080,KI-080,K,572.0416870117188,-271.4832763671875,61.62392807006836,sector-48,subsector-48-6
KI-401,KI-401,K,601.7363891601562,-334.6998291015625,93.04114532470703,sector-48,subsector-48-4
KI-439,KI-439,M,560.0462646484375,-311.9452819824219,82.73468780517578,sector-48,subsector-48-11
KI-446,KI-446,K,613.0877685546875,-414.4761047363281,79.96959686279297,sector-48,subsector-48-18
KI-448,KI-448,K,631.8995361328125,-281.67889404296875,82.85388946533203,sector-48,subsector-48-5
KI-840,KI-840,F,664.4444580078125,-291.7189636230469,90.6368179321289,sector-48,subsector-48-2
KQ-187,KQ-187,G,-123.75955200195312,-863.5194091796875,89.03247833251953,sector-89,subsector-89-18
KQ-205,KQ-205,M,-98.70804595947266,-795.2138061523438,53.002864837646484,sector-89,subsector-89-23
KQ-451,KQ-451,O,-128.07127380371094,-694.85498046875,83.03556823730469,sector-89,subsector-89-5
KQ-520,KQ-520,M,-164.1842803955078,-856.7405395507812,85.62470245361328,sector-89,subsector-89-17
KQ-833,KQ-833,M,-67.8824234008789,-806.2955932617188,76.83609771728516,sector-89,subsector-89-22
KQ-966,KQ-966,K,-176.3839874267578,-730.5216064453125,20.783266067504883,sector-89,subsector-89-6
KW-020,Bastablon,G,341.86920166015625,168.19068908691406,147.08221435546875,sector-5,subsector-5-20
KW-358,KW-358,M,316.2475891113281,107.79405212402344,46.69533920288086,sector-5,subsector-5-18
KW-602,KW-602,F,308.66717529296875,149.607666015625,98.06653594970703,sector-5,subsector-5-16
KW-626,KW-626,K,219.81454467773438,194.0386505126953,73.19416046142578,sector-5,subsector-5-10
KW-688,KW-688,K,265.6493835449219,167.4375,76.06197357177734,sector-5,subsector-5-12
KW-689,KW-689,M,385.8710021972656,168.2218017578125,73.77172088623047,sector-5,subsector-5-22
KW-950,KW-950,M,246.80410766601562,241.74246215820312,93.46422576904297,sector-5,subsector-5-9
KW-976,KW-976,A,205.3760223388672,170.24806213378906,101.72481536865234,sector-5,subsector-5-13
LA-236,LA-236,K,-1263.083984375,686.502685546875,43.9484748840332,sector-79,subsector-79-13
LB-056,LB-056,K,-138.3332061767578,190.9674835205078,69.87366485595703,sector-0,subsector-0-18
LB-428,LB-428,G,-128.18206787109375,281.3431396484375,95.07026672363281,sector-0,subsector-0-0
LB-476,LB-476,K,-150.01495361328125,266.5592041015625,63.37889099121094,sector-0,subsector-0-4
LB-506,LB-506,M,-140.8217010498047,328.7898864746094,108.68476867675781,sector-0,subsector-0-7
LB-599,LB-599,M,-165.33926391601562,177.61801147460938,111.36990356445312,sector-0,subsector-0-17
LB-716,LB-716,K,-202.88113403320312,324.126220703125,97.59542846679688,sector-0,subsector-0-9
LE-137,LE-137,F,364.3595886230469,-24.162721633911133,92.56754302978516,sector-4,subsector-4-22
LG-093,LG-093,M,5.45548677444458,-552.375,104.61164093017578,sector-63,subsector-63-16
LG-150,LG-150,M,-1145.651123046875,740.6259155273438,105.12043762207031,sector-79,subsector-79-2
LG-262,LG-262,G,-35.184261322021484,-520.755859375,95.56282043457031,sector-63,subsector-63-12
LG-298,LG-298,M,-1169.42919921875,732.737060546875,105.0512466430664,sector-79,subsector-79-3
LG-418,Dolzena,K,-1176.937255859375,629.0657348632812,37.42478942871094,sector-79,subsector-79-18
LG-430,LG-430,G,21.318523406982422,-433.46392822265625,65.63763427734375,sector-63,subsector-63-5
LG-598,LG-598,K,33.59157943725586,-526.4266357421875,48.205692291259766,sector-63,subsector-63-20
LG-672,LG-672,M,53.38222885131836,-576.72412109375,86.23429107666016,sector-63,subsector-63-21
LG-758,LG-758,G,-1209.8565673828125,778.3296508789062,97.35649871826172,sector-79,subsector-79-6
LG-854,LG-854,K,-44.831825256347656,-549.0889282226562,103.43537902832031,sector-63,subsector-63-15
LG-907,LG-907,M,35.35087585449219,-481.1405944824219,72.93476104736328,sector-63,subsector-63-3
LG-913,LG-913,K,-1192.7823486328125,679.134033203125,68.37676239013672,sector-79,subsector-79-16
LS-014,LS-014,M,337.56353759765625,-22.87991714477539,51.91828918457031,sector-4,subsector-4-23
LS-123,LS-123,F,-836.94873046875,100.88021087646484,94.95353698730469,sector-74,subsector-74-10
LS-227,LS-227,G,-673.9674682617188,99.836181640625,131.38963317871094,sector-74,subsector-74-1
LS-231,LS-231,B,333.67205810546875,82.53738403320312,103.1583251953125,sector-4,subsector-4-5
LS-271,LS-271,K,-761.8019409179688,156.867919921875,47.8481330871582,sector-74,subsector-74-6
LS-300,LS-300,G,244.25967407226562,-13.09010124206543,67.23542785644531,sector-4,subsector-4-15
LS-436,LS-436,K,-690.8033447265625,149.2559814453125,79.46611022949219,sector-74,subsector-74-2
LS-483,LS-483,G,-745.1215209960938,93.7087173461914,85.12841796875,sector-74,subsector-74-0
LS-621,LS-621,F,-708.8008422851562,35.993282318115234,91.47399139404297,sector-74,subsector-74-21
LS-746,LS-746,M,334.5218505859375,6.537221431732178,84.02976989746094,sector-4,subsector-4-0
LS-763,LS-763,F,-673.9223022460938,53.64325714111328,73.47445678710938,sector-74,subsector-74-22
LS-828,LS-828,M,356.853759765625,49.92589569091797,28.00865364074707,sector-4,subsector-4-2
LS-923,LS-923,M,-779.5464477539062,52.708396911621094,87.31919860839844,sector-74,subsector-74-12
LS-934,LS-934,M,233.02310180664062,-48.941444396972656,84.97563934326172,sector-4,subsector-4-14
MG-197,MG-197,G,927.5409545898438,-406.5252380371094,89.54864501953125,sector-50,subsector-50-18
MG-483,MG-483,K,880.5089111328125,-376.3866271972656,36.42441940307617,sector-50,subsector-50-12
MG-594,MG-594,K,873.5494384765625,-406.1852111816406,80.33810424804688,sector-50,subsector-50-17
MG-623,MG-623,G,954.0338745117188,-360.6424255371094,93.5466537475586,sector-50,subsector-50-23
MG-630,MG-630,G,977.87451171875,-348.2928466796875,120.84031677246094,sector-50,subsector-50-22
MG-708,MG-708,K,957.8081665039062,-291.237548828125,80.59848022460938,sector-50,subsector-50-2
MG-885,MG-885,G,942.3366088867188,-311.40728759765625,67.61416625976562,sector-50,subsector-50-3
NG-114,NG-114,G,-412.3060607910156,-1192.5972900390625,64.77069854736328,sector-107,subsector-107-18
NG-164,NG-164,G,-385.13543701171875,-1123.7861328125,89.82951354980469,sector-107,subsector-107-1
NG-246,NG-246,M,-373.13787841796875,-1165.14111328125,94.24811553955078,sector-107,subsector-107-22
NG-574,NG-574,G,-503.1771240234375,-1058.3895263671875,82.14978790283203,sector-107,subsector-107-9
NG-848,NG-848,A,-433.2966003417969,-1050.6636962890625,78.34027862548828,sector-107,subsector-107-5
NH-000,NH-000,M,-716.1237182617188,-38.275909423828125,121.97015380859375,sector-96,subsector-96-2
NH-555,NH-555,B,-747.2422485351562,-168.5587921142578,70.25251007080078,sector-96,subsector-96-18
NH-565,NH-565,K,-755.9513549804688,-36.198001861572266,61.353759765625,sector-96,subsector-96-7
NH-613,NH-613,G,-770.4368896484375,-76.97456359863281,130.7440948486328,sector-96,subsector-96-8
NJ-094,NJ-094,K,221.164794921875,-925.356689453125,92.05165100097656,sector-86,subsector-86-1
NJ-215,NJ-215,M,182.5772247314453,-906.1852416992188,40.23945617675781,sector-86,subsector-86-2
NJ-257,NJ-257,K,209.4405059814453,-963.3646240234375,89.17405700683594,sector-86,subsector-86-22
NJ-325,NJ-325,G,160.7142333984375,-988.9662475585938,131.76382446289062,sector-86,subsector-86-16
NJ-438,NJ-438,K,189.3284454345703,-880.7852783203125,93.35685729980469,sector-86,subsector-86-5
NJ-553,NJ-553,G,218.44931030273438,-991.8515014648438,105.286865234375,sector-86,subsector-86-23
NJ-605,NJ-605,F,150.9973602294922,-896.9742431640625,50.92326354980469,sector-86,subsector-86-7
NJ-874,NJ-874,K,131.5867919921875,-978.1661376953125,79.88411712646484,sector-86,subsector-86-12
NL-044,NL-044,F,-603.8482666015625,72.85315704345703,94.39788055419922,sector-68,subsector-68-7
NL-506,NL-506,M,-567.8857421875,-11.693357467651367,30.248580932617188,sector-68,subsector-68-20
NL-534,NL-534,O,-655.8944702148438,-24.939390182495117,57.691837310791016,sector-68,subsector-68-15
NL-743,NL-743,M,-628.7142333984375,51.66617202758789,133.40451049804688,sector-68,subsector-68-6
NL-881,NL-881,K,-579.5133056640625,-38.51222610473633,96.38697052001953,sector-68,subsector-68-16
NL-983,NL-983,K,-500.8135681152344,1.1361719369888306,91.53467559814453,sector-68,subsector-68-1
OE-073,OE-073,M,732.0455322265625,-352.8381652832031,74.23503112792969,sector-49,subsector-49-6
OE-462,OE-462,M,692.8453979492188,-497.9813232421875,60.180667877197266,sector-49,subsector-49-14
OE-563,OE-563,M,793.4298095703125,-361.0784912109375,104.34016418457031,sector-49,subsector-49-2
OE-568,OE-568,F,705.2942504882812,-467.0090026855469,45.7142333984375,sector-49,subsector-49-15
OF-098,OF-098,G,799.0470581054688,304.39013671875,71.58186340332031,sector-38,subsector-38-2
OF-185,OF-185,M,708.8049926757812,215.61935424804688,84.07669830322266,sector-38,subsector-38-14
OF-208,OF-208,G,-59.86826705932617,95.2240982055664,58.42235565185547,sector-1,subsector-1-1
OF-259,Trinity,G,752.4574584960938,304.2293395996094,110.34967041015625,sector-38,subsector-38-7
OF-363,OF-363,M,734.7737426757812,336.1211853027344,108.55296325683594,sector-38,subsector-38-6
OF-375,OF-375,G,-199.3327178955078,117.33905029296875,96.53567504882812,sector-1,subsector-1-11
OF-443,OF-443,K,-90.45342254638672,68.92344665527344,78.31099700927734,sector-1,subsector-1-23
OF-504,OF-504,M,762.3035888671875,328.4617004394531,88.31705474853516,sector-38,subsector-38-5
OF-552,OF-552,M,725.1611938476562,300.05023193359375,125.83199310302734,sector-38,subsector-38-8
OF-586,OF-586,G,-227.62307739257812,75.45112609863281,108.61522674560547,sector-1,subsector-1-13
OF-732,OF-732,K,741.03271484375,232.40756225585938,64.02183532714844,sector-38,subsector-38-16
OF-883,OF-883,M,804.8847045898438,267.45587158203125,131.82740783691406,sector-38,subsector-38-1
OF-935,OF-935,G,-173.65371704101562,120.6116943359375,38.84095001220703,sector-1,subsector-1-8
OP-248,OP-248,G,-404.8157958984375,327.28076171875,68.49981689453125,sector-66,subsector-66-2
OP-418,OP-418,A,-434.9641418457031,199.36721801757812,82.04806518554688,sector-66,subsector-66-19
OP-533,OP-533,M,-441.2958679199219,286.1117858886719,78.78142547607422,sector-66,subsector-66-4
OP-630,OP-630,F,-403.2778015136719,205.86624145507812,121.95236206054688,sector-66,subsector-66-21
OP-649,OP-649,G,-398.6071472167969,291.4861145019531,73.68938446044922,sector-66,subsector-66-3
OP-802,OP-802,A,-441.42584228515625,238.3251190185547,68.43506622314453,sector-66,subsector-66-16
OP-964,OP-964,K,-418.6531066894531,270.6358947753906,70.14041137695312,sector-66,subsector-66-0
OS-053,OS-053,K,-511.8880615234375,-787.8251953125,78.76517486572266,sector-103,subsector-103-13
OS-057,OS-057,G,-480.6612548828125,-722.2150268554688,75.26470184326172,sector-103,subsector-103-6
OS-099,OS-099,G,558.9977416992188,-949.2800903320312,97.27861022949219,sector-83,subsector-83-17
OS-189,OS-189,K,-403.3793640136719,-732.712158203125,100.1156234741211,sector-103,subsector-103-2
OS-209,OS-209,G,-447.6048889160156,-750.1915283203125,76.5205307006836,sector-103,subsector-103-4
OS-416,OS-416,G,615.55078125,-944.837646484375,109.95390319824219,sector-83,subsector-83-18
OS-456,OS-456,F,673.3986206054688,-884.7420043945312,76.25265502929688,sector-83,subsector-83-22
OS-476,OS-476,M,544.1187744140625,-899.9462890625,68.70230102539062,sector-83,subsector-83-15
OS-550,OS-550,M,641.0774536132812,-891.7344970703125,72.50296020507812,sector-83,subsector-83-23
OS-803,OS-803,M,567.6661987304688,-835.7457885742188,71.8339614868164,sector-83,subsector-83-8
OS-898,OS-898,M,525.4790649414062,-859.06884765625,47.610530853271484,sector-83,subsector-83-10
OT-113,OT-113,F,-157.09930419921875,1430.6583251953125,107.64482116699219,sector-22,subsector-22-16
OT-115,OT-115,K,-165.16441345214844,510.09942626953125,73.68827819824219,sector-9,subsector-9-6
OT-364,OT-364,G,-165.45059204101562,1395.854736328125,88.47534942626953,sector-22,subsector-22-17
OT-442,OT-442,K,-114.6566162109375,352.17559814453125,43.18886184692383,sector-9,subsector-9-18
OT-580,Moria,G,-93.3297119140625,377.8741455078125,111.61970520019531,sector-9,subsector-9-21
OT-627,OT-627,K,-215.32969665527344,1503.575927734375,96.7503433227539,sector-22,subsector-22-11
OT-680,OT-680,F,-150.25390625,1472.6234130859375,63.84388732910156,sector-22,subsector-22-8
OT-823,OT-823,K,-162.49014282226562,1494.7174072265625,82.24568939208984,sector-22,subsector-22-4
OT-889,OT-889,K,-201.94508361816406,513.1690063476562,83.91587829589844,sector-9,subsector-9-9
OY-036,OY-036,G,147.90342712402344,866.00244140625,105.52418518066406,sector-30,subsector-30-6
OY-569,OY-569,K,1007.4092407226562,-97.89553833007812,73.7156982421875,sector-45,subsector-45-12
OY-661,OY-661,M,1010.8673095703125,-128.6038360595703,110.20217895507812,sector-45,subsector-45-15
OY-701,OY-701,M,59.33182144165039,774.4395751953125,95.5299072265625,sector-30,subsector-30-13
OY-717,OY-717,M,1095.5860595703125,-129.7162628173828,63.477561950683594,sector-45,subsector-45-23
OY-719,OY-719,A,1136.6573486328125,-75.99320220947266,111.53235626220703,sector-45,subsector-45-1
OY-793,OY-793,K,1036.6654052734375,-73.91234588623047,108.94686889648438,sector-45,subsector-45-8
OY-799,OY-799,K,233.50489807128906,775.593505859375,64.9340591430664,sector-30,subsector-30-22
OZ-189,OZ-189,F,-151.54986572265625,96.66899871826172,88.45465850830078,sector-1,subsector-1-4
PB-132,PB-132,M,220.61441040039062,1076.1390380859375,46.41059875488281,sector-21,subsector-21-21
PB-296,PB-296,A,165.0933837890625,1120.636962890625,83.05366516113281,sector-21,subsector-21-20
PB-519,PB-519,M,83.14956665039062,1094.1204833984375,111.8752670288086,sector-21,subsector-21-15
PB-673,PB-673,M,205.77561950683594,1107.3045654296875,93.69283294677734,sector-21,subsector-21-23
PB-951,PB-951,K,95.4089126586914,1175.8394775390625,106.46823120117188,sector-21,subsector-21-9
PB-994,PB-994,A,144.93411254882812,1208.5203857421875,102.11630249023438,sector-21,subsector-21-6
PD-175,PD-175,K,-1.786191701889038,-38.549320220947266,64.04036712646484,sector-2,subsector-2-16
PD-518,PD-518,K,5.78419828414917,-83.44338989257812,111.40326690673828,sector-2,subsector-2-18
PD-718,PD-718,K,-41.16503143310547,-81.99510955810547,119.23419189453125,sector-2,subsector-2-17
PD-754,PD-754,A,70.15956115722656,-11.95864200592041,81.6576919555664,sector-2,subsector-2-22
PG-027,PG-027,K,40.685333251953125,1104.8758544921875,90.2890625,sector-20,subsector-20-2
PG-241,PG-241,K,-24.930721282958984,1068.67041015625,95.9786376953125,sector-20,subsector-20-8
PG-502,PG-502,M,-51.07884216308594,1005.930419921875,73.95947265625,sector-20,subsector-20-15
PG-710,PG-710,M,-21.631044387817383,1009.6218872070312,70.99144744873047,sector-20,subsector-20-12
PG-899,Outer Heaven,K,-3.4818856716156006,1101.3802490234375,99.77616119384766,sector-20,subsector-20-7
PG-971,PG-971,M,-27.747591018676758,962.398193359375,110.66471862792969,sector-20,subsector-20-17
PG-973,PG-973,K,33.68170928955078,961.9970703125,80.04754638671875,sector-20,subsector-20-18
QF-497,QF-497,M,-194.1423797607422,-1113.84716796875,38.0127067565918,sector-105,subsector-105-11
QF-564,QF-564,M,-174.61488342285156,-1078.892578125,111.47559356689453,sector-105,subsector-105-6
QF-755,QF-755,M,-120.0045166015625,-1076.18603515625,134.8495635986328,sector-105,subsector-105-2
QF-757,QF-757,F,-184.11656188964844,-1206.61474609375,104.65144348144531,sector-105,subsector-105-17
QF-764,QF-764,K,-182.98443603515625,-1141.1512451171875,21.380626678466797,sector-105,subsector-105-12
QF-804,QF-804,M,-136.6455841064453,-1049.621337890625,116.83538818359375,sector-105,subsector-105-5
QF-899,QF-899,K,-229.05435180664062,-1099.7330322265625,52.74310302734375,sector-105,subsector-105-10
QF-930,QF-930,K,-138.51747131347656,-1183.1212158203125,103.65008544921875,sector-105,subsector-105-19
QJ-149,QJ-149,K,413.6733703613281,-209.29627990722656,49.40217590332031,sector-55,subsector-55-9
QJ-382,QJ-382,M,472.6094970703125,-189.70225524902344,94.98857879638672,sector-55,subsector-55-5
QJ-650,QJ-650,F,431.74456787109375,-278.0846252441406,77.66340637207031,sector-55,subsector-55-12
QJ-684,Acetares,K,369.25250244140625,-234.03738403320312,88.47538757324219,sector-55,subsector-55-10
QQ-001,QQ-001,K,-261.76202392578125,432.8094482421875,80.62448120117188,sector-14,subsector-14-5
QQ-033,QQ-033,M,-319.76116943359375,277.7862243652344,94.10160064697266,sector-14,subsector-14-17
QQ-082,QQ-082,G,-253.7295379638672,393.4067687988281,82.43742370605469,sector-14,subsector-14-2
QQ-645,QQ-645,K,-326.67791748046875,348.63763427734375,143.5244598388672,sector-14,subsector-14-8
QQ-786,QQ-786,K,-378.92535400390625,310.6780090332031,54.16758346557617,sector-14,subsector-14-13
QR-119,QR-119,M,-589.7194213867188,-571.8145141601562,44.28313064575195,sector-101,subsector-101-19
QR-166,QR-166,M,-561.2293090820312,-517.618408203125,72.01530456542969,sector-101,subsector-101-0
QR-220,QR-220,M,-648.1448364257812,-599.1627197265625,74.8416976928711,sector-101,subsector-101-14
QR-646,QR-646,A,-591.2211303710938,-500.7091979980469,83.95803833007812,sector-101,subsector-101-4
QR-697,QR-697,M,-622.8016357421875,-552.3703002929688,102.39302825927734,sector-101,subsector-101-12
QR-971,QR-971,M,-535.790771484375,-523.5111083984375,133.09552001953125,sector-101,subsector-101-22
QV-164,QV-164,M,-275.88055419921875,1140.8143310546875,90.1553726196289,sector-17,subsector-17-18
QV-257,QV-257,M,-309.2837219238281,1220.34765625,66.48883056640625,sector-17,subsector-17-8
QV-266,QV-266,G,-233.3210906982422,1189.6168212890625,90.2304458618164,sector-17,subsector-17-22
QV-312,QV-312,M,-233.2171173095703,1265.751953125,76.5892333984375,sector-17,subsector-17-2
QV-420,QV-420,M,-363.9221496582031,1232.3934326171875,67.58344268798828,sector-17,subsector-17-10
QV-695,QV-695,K,-295.7931213378906,1251.3792724609375,56.79448699951172,sector-17,subsector-17-4
QV-783,QV-783,M,-263.79876708984375,1227.99169921875,91.6873779296875,sector-17,subsector-17-0
QV-865,QV-865,M,-271.6712646484375,1273.341796875,65.76343536376953,sector-17,subsector-17-5
RC-040,RC-040,G,117.99197387695312,396.8616943359375,79.52339935302734,sector-28,subsector-28-15
RC-323,RC-323,M,105.20021057128906,514.318115234375,113.11975860595703,sector-28,subsector-28-6
RC-639,RC-639,M,97.79098510742188,469.8582458496094,65.15213012695312,sector-28,subsector-28-11
RC-659,RC-659,M,165.7617950439453,469.59173583984375,78.40715789794922,sector-28,subsector-28-4
RC-668,RC-668,K,223.64479064941406,466.2928161621094,122.35380554199219,sector-28,subsector-28-1
RC-796,RC-796,K,180.87330627441406,384.5642395019531,64.63448333740234,sector-28,subsector-28-21
RC-944,RC-944,M,64.46920776367188,456.11016845703125,66.63581085205078,sector-28,subsector-28-10
RG-716,RG-716,M,-788.9540405273438,245.7954559326172,48.39476013183594,sector-73,subsector-73-12
RV-084,RV-084,G,-151.72293090820312,-929.2794189453125,58.277976989746094,sector-88,subsector-88-4
RV-188,RV-188,K,-63.699623107910156,-962.2810668945312,86.73163604736328,sector-88,subsector-88-22
RV-276,RV-276,G,-186.2733917236328,-897.4525146484375,74.15231323242188,sector-88,subsector-88-9
RV-854,RV-854,A,-84.76226043701172,-904.0994873046875,52.09166717529297,sector-88,subsector-88-2
RY-305,RY-305,K,680.4735107421875,712.8025512695312,28.47063446044922,sector-34,subsector-34-1
RY-780,RY-780,K,607.1435546875,766.041015625,84.0678939819336,sector-34,subsector-34-7
RY-853,RY-853,K,588.6736450195312,730.2692260742188,38.91501998901367,sector-34,subsector-34-4
RY-872,RY-872,K,540.35546875,688.263671875,49.89836502075195,sector-34,subsector-34-13
SB-838,SB-838,M,-152.1131134033203,-181.0230255126953,66.0736312866211,sector-61,subsector-61-7
SE-052,SE-052,M,154.3997802734375,-304.94244384765625,94.84916687011719,sector-57,subsector-57-19
SE-110,SE-110,M,139.9449920654297,-253.22264099121094,61.791996002197266,sector-57,subsector-57-8
SE-648,SE-648,M,160.61962890625,-267.9724426269531,82.77183532714844,sector-57,subsector-57-20
SE-751,SE-751,M,130.36691284179688,-318.6254577636719,85.08687591552734,sector-57,subsector-57-17
SE-866,SE-866,G,122.54759216308594,-201.66046142578125,87.61402893066406,sector-57,subsector-57-6
SG-135,SG-135,K,33.62948989868164,-1076.6240234375,45.557369232177734,sector-87,subsector-87-23
SG-195,SG-195,G,-86.36711120605469,-1040.7303466796875,83.20024108886719,sector-87,subsector-87-13
SG-779,SG-779,K,-25.77448272705078,-1004.6792602539062,97.72982788085938,sector-87,subsector-87-8
SG-875,SG-875,M,-50.566097259521484,-1084.1951904296875,128.87367248535156,sector-87,subsector-87-14
SG-928,SG-928,F,-24.480649948120117,-1088.168701171875,104.4754409790039,sector-87,subsector-87-17
SL-006,SL-006,K,963.4314575195312,309.6561584472656,65.69692993164062,sector-40,subsector-40-23
SL-027,SL-027,K,961.3619995117188,352.653564453125,128.28570556640625,sector-40,subsector-40-1
SL-132,SL-132,M,898.1246337890625,373.28021240234375,50.41622543334961,sector-40,subsector-40-4
SL-542,SL-542,F,913.5322875976562,312.4134826660156,102.7126693725586,sector-40,subsector-40-16
SL-620,SL-620,G,924.7638549804688,355.7579345703125,117.95941162109375,sector-40,subsector-40-0
SL-806,SL-806,M,871.0979614257812,351.6697692871094,86.66242218017578,sector-40,subsector-40-8
SO-014,SO-014,M,564.5394287109375,480.23333740234375,91.2063217163086,sector-33,subsector-33-15
SO-028,SO-028,M,639.1407470703125,565.4100341796875,85.98670196533203,sector-33,subsector-33-2
SO-122,SO-122,M,640.8057861328125,598.9285278320312,51.7919807434082,sector-33,subsector-33-5
SO-245,SO-245,M,559.16259765625,441.97601318359375,58.54157257080078,sector-33,subsector-33-17
SO-715,SO-715,M,620.5405883789062,457.023193359375,99.10445404052734,sector-33,subsector-33-18
SO-832,SO-832,K,534.1795043945312,551.9197998046875,73.00965881347656,sector-33,subsector-33-11
SO-838,SO-838,G,648.0194091796875,484.126953125,116.23899841308594,sector-33,subsector-33-23
SO-953,SO-953,A,566.8749389648438,601.6693725585938,30.632997512817383,sector-33,subsector-33-6
TD-152,TD-152,M,-78.0084228515625,1180.7059326171875,105.06211853027344,sector-19,subsector-19-13
TD-203,Hubur,K,-29.83830451965332,1229.4677734375,59.242069244384766,sector-19,subsector-19-8
TD-228,TD-228,G,51.64177322387695,1141.91796875,98.5141372680664,sector-19,subsector-19-21
TD-260,TD-260,K,13.852208137512207,1278.106689453125,120.6799545288086,sector-19,subsector-19-5
TD-298,TD-298,G,-10.135557174682617,1269.2215576171875,79.97055053710938,sector-19,subsector-19-7
TD-331,TD-331,M,29.56842041015625,1227.8514404296875,100.3802719116211,sector-19,subsector-19-0
TD-552,TD-552,F,69.41693115234375,1207.385498046875,58.097572326660156,sector-19,subsector-19-22
TO-392,TO-392,K,-88.55450439453125,476.3687744140625,92.55625915527344,sector-9,subsector-9-2
UB-282,UB-282,A,77.64175415039062,-210.5896759033203,122.40776062011719,sector-60,subsector-60-22
UB-402,UB-402,F,-21.45526885986328,-104.4120101928711,20,sector-60,subsector-60-6
UB-557,UB-557,F,6.6828389167785645,-185.331787109375,71.48876190185547,sector-60,subsector-60-16
UB-808,UB-808,M,-44.811920166015625,-130.10675048828125,32.62736129760742,sector-60,subsector-60-11
UB-860,UB-860,F,-67.55226135253906,-157.74334716796875,90.03488159179688,sector-60,subsector-60-10
UP-102,UP-102,K,356.44354248046875,801.5426025390625,140.97238159179688,sector-25,subsector-25-21
UP-170,UP-170,M,236.65042114257812,867.0177001953125,76.04129028320312,sector-25,subsector-25-10
UP-305,UP-305,K,250.26223754882812,836.7379150390625,97.38609313964844,sector-25,subsector-25-15
UP-462,UP-462,K,363.4580078125,909.3844604492188,115.26612854003906,sector-25,subsector-25-2
UP-573,UP-573,M,211.20863342285156,858.66845703125,71.3408432006836,sector-25,subsector-25-13
UP-972,UP-972,M,366.4280700683594,869.2182006835938,103.19153594970703,sector-25,subsector-25-1
UQ-010,UQ-010,M,931.62890625,123.56653594970703,110.03549194335938,sector-41,subsector-41-21
UQ-194,UQ-194,M,860.6142578125,98.28263854980469,127.17398071289062,sector-41,subsector-41-17
UQ-328,UQ-328,G,909.88818359375,248.17196655273438,110.34566497802734,sector-41,subsector-41-5
UQ-553,UQ-553,K,962.9423217773438,139.3162384033203,60.73478698730469,sector-41,subsector-41-23
UQ-807,UQ-807,M,898.2091064453125,119.43184661865234,90.42440032958984,sector-41,subsector-41-19
UQ-875,UQ-875,K,962.4584350585938,169.4094696044922,102.4830551147461,sector-41,subsector-41-22
UQ-965,UQ-965,G,847.7257690429688,146.1200714111328,120.31542205810547,sector-41,subsector-41-15
UV-062,UV-062,K,263.6307678222656,418.6975402832031,60.060874938964844,sector-27,subsector-27-6
UV-072,UV-072,G,356.04962158203125,277.322265625,86.17520904541016,sector-27,subsector-27-21
UV-135,Hotei,M,223.54656982421875,353.7792663574219,113.35478973388672,sector-27,subsector-27-10
UV-234,UV-234,M,356.2682189941406,383.6842041015625,92.11639404296875,sector-27,subsector-27-3
UV-351,Benten,G,333.0912170410156,260.3101806640625,108.1157455444336,sector-27,subsector-27-18
UV-795,UV-795,M,270.30023193359375,390.24395751953125,43.220245361328125,sector-27,subsector-27-9
UV-796,Daikoku,K,258.697265625,290.80938720703125,98.26951599121094,sector-27,subsector-27-14
UX-357,UX-357,G,-1017.6012573242188,-466.6339111328125,84.19146728515625,sector-100,subsector-100-23
UX-617,UX-617,M,-1055.31494140625,-439.42333984375,100.37454223632812,sector-100,subsector-100-12
UX-674,UX-674,M,-1011.7448120117188,-502.351806640625,123.39039611816406,sector-100,subsector-100-18
UX-755,UX-755,F,-985.8192749023438,-492.8489990234375,80.01526641845703,sector-100,subsector-100-21
UX-974,UX-974,K,-1091.444091796875,-396.55670166015625,125.49207305908203,sector-100,subsector-100-11
UY-408,UY-408,K,139.84844970703125,841.4066772460938,127.73699951171875,sector-30,subsector-30-7
VB-030,VB-030,M,-663.794677734375,-767.9998779296875,70.60823059082031,sector-104,subsector-104-1
VB-292,VB-292,A,-722.7197875976562,-738.6015625,105.09320068359375,sector-104,subsector-104-3
VB-340,VB-340,G,-788.0067138671875,-761.7125854492188,86.65335083007812,sector-104,subsector-104-8
VB-576,VB-576,M,-688.1367797851562,-836.0872192382812,77.07437133789062,sector-104,subsector-104-21
VH-043,VH-043,M,-163.20333862304688,-132.7984161376953,100.14421081542969,sector-64,subsector-64-19
VH-192,VH-192,A,-86.13053131103516,-43.04899978637695,82.369384765625,sector-64,subsector-64-2
VH-241,VH-241,M,-208.3023681640625,-101.54631042480469,66.91017150878906,sector-64,subsector-64-15
VH-331,Hortus,M,-123.46186828613281,-99.32084655761719,92.70283508300781,sector-64,subsector-64-20
VH-503,VH-503,K,-198.7635955810547,-76.74565887451172,51.53104782104492,sector-64,subsector-64-11
VH-778,VH-778,G,-201.2025604248047,-34.65482711791992,99.93091583251953,sector-64,subsector-64-9
VH-874,VH-874,M,-110.08460998535156,-136.7570037841797,83.96969604492188,sector-64,subsector-64-21
VI-001,VI-001,M,-765.75537109375,603.2344970703125,122.6097183227539,sector-71,subsector-71-12
VI-270,VI-270,K,-720.9913940429688,622.7542114257812,81.7870864868164,sector-71,subsector-71-0
VI-291,VI-291,F,-786.1165771484375,619.0281372070312,97.11982727050781,sector-71,subsector-71-8
VI-429,VI-429,G,-802.4144287109375,647.6429443359375,85.92947387695312,sector-71,subsector-71-11
VV-980,VV-980,K,-596.6226806640625,415.8641052246094,93.67668151855469,sector-69,subsector-69-7
WB-501,WB-501,K,32.67626190185547,525.5491943359375,96.26268768310547,sector-8,subsector-8-0
WB-675,Midway,G,38.57395553588867,477.9439697265625,52.65414810180664,sector-8,subsector-8-23
WB-947,WB-947,M,38.9100341796875,598.4067993164062,74.32141876220703,sector-8,subsector-8-5
WB-948,WB-948,K,54.90216064453125,551.7088012695312,104.35992431640625,sector-8,subsector-8-3
WC-299,WC-299,K,-199.03367614746094,1241.8189697265625,85.9491958618164,sector-18,subsector-18-14
WC-702,WC-702,G,-214.1597137451172,1309.1285400390625,112.20295715332031,sector-18,subsector-18-10
WC-788,WC-788,K,-124.43535614013672,1269.1322021484375,102.43316650390625,sector-18,subsector-18-20
WC-803,WC-803,K,-184.07943725585938,1290.430419921875,81.03260040283203,sector-18,subsector-18-12
WR-186,WR-186,M,877.9185791015625,-547.0778198242188,84.2991943359375,sector-51,subsector-51-12
WR-453,WR-453,K,917.2658081054688,-543.0346069335938,73.23126983642578,sector-51,subsector-51-20
WR-530,WR-530,K,865.9891967773438,-577.5888671875,82.1021957397461,sector-51,subsector-51-14
WR-667,WR-667,M,813.1687622070312,-510.9477233886719,20,sector-51,subsector-51-10
WR-681,WR-681,G,955.0922241210938,-533.5968627929688,89.55184936523438,sector-51,subsector-51-23
WR-709,WR-709,F,858.156005859375,-483.63128662109375,20,sector-51,subsector-51-11
WU-013,WU-013,F,476.13043212890625,-455.34027099609375,104.89386749267578,sector-54,subsector-54-20
WU-070,WU-070,M,454.9490661621094,-474.79217529296875,86.01860809326172,sector-54,subsector-54-16
WU-308,WU-308,M,508.4070129394531,-422.32281494140625,113.39360046386719,sector-54,subsector-54-1
WU-504,WU-504,M,401.84356689453125,-448.0498962402344,64.1275634765625,sector-54,subsector-54-15
WU-882,WU-882,K,474.0451354980469,-358.9979553222656,79.89390563964844,sector-54,subsector-54-5
WU-974,WU-974,F,430.188232421875,-461.13494873046875,106.37809753417969,sector-54,subsector-54-12
XD-005,XD-005,G,-486.9943542480469,427.95184326171875,88.94438934326172,sector-13,subsector-13-12
XD-027,XD-027,F,-456.9751892089844,445.1244812011719,80.97511291503906,sector-13,subsector-13-4
XD-055,XD-055,K,-422.0304260253906,413.9452209472656,108.61116790771484,sector-13,subsector-13-20
XD-311,XD-311,F,-459.2881164550781,393.055419921875,130.45436096191406,sector-13,subsector-13-16
XD-354,XD-354,K,-521.742431640625,457.0184326171875,106.3202133178711,sector-13,subsector-13-10
XD-436,XD-436,G,-449.47003173828125,355.0699768066406,49.37674331665039,sector-13,subsector-13-19
XD-492,XD-492,M,-360.4594421386719,447.876708984375,71.14229583740234,sector-13,subsector-13-1
XD-534,XD-534,F,-499.4540100097656,352.0943603515625,124.17510223388672,sector-13,subsector-13-14
XG-287,XG-287,K,-123.4227294921875,544.369873046875,94.70055389404297,sector-10,subsector-10-18
XG-326,XG-326,K,-61.64856719970703,596.3466796875,94.00279235839844,sector-10,subsector-10-22
XG-430,XG-430,K,-235.44412231445312,590.3052368164062,71.21676635742188,sector-10,subsector-10-13
XG-452,XG-452,O,-125.7034912109375,652.603271484375,84.81580352783203,sector-10,subsector-10-5
XG-751,XG-751,K,-206.2745819091797,661.8456420898438,41.891441345214844,sector-10,subsector-10-9
XH-083,XH-083,M,94.46263885498047,326.84442138671875,67.41218566894531,sector-6,subsector-6-9
XH-265,XH-265,M,233.16058349609375,265.6448059082031,69.2552719116211,sector-6,subsector-6-1
XH-329,XH-329,M,191.7281951904297,337.8807678222656,104.9837646484375,sector-6,subsector-6-5
XH-400,XH-400,M,126.0721435546875,237.38978576660156,89.13186645507812,sector-6,subsector-6-12
XH-556,XH-556,M,129.68844604492188,340.3357238769531,27.562192916870117,sector-6,subsector-6-6
XH-594,XH-594,K,121.93708038330078,290.9043884277344,73.1850357055664,sector-6,subsector-6-8
XH-668,XH-668,G,224.2404022216797,225.1611785888672,82.28577423095703,sector-6,subsector-6-22
XH-807,XH-807,M,186.18675231933594,230.2592315673828,54.568153381347656,sector-6,subsector-6-23
XS-072,XS-072,K,-1028.801025390625,649.47314453125,86.3639907836914,sector-78,subsector-78-4
XS-305,XS-305,M,-1140.1060791015625,623.3004760742188,71.16638946533203,sector-78,subsector-78-10
XS-538,XS-538,K,-1087.2264404296875,660.6971435546875,49.10578918457031,sector-78,subsector-78-9
XS-804,XS-804,M,-1123.576904296875,597.2703247070312,47.500755310058594,sector-78,subsector-78-13
XU-100,XU-100,M,-878.4068603515625,-122.09162139892578,77.67304992675781,sector-97,subsector-97-5
XU-112,XU-112,M,-937.6400756835938,-146.1764678955078,132.77491760253906,sector-97,subsector-97-11
XU-145,XU-145,K,-896.0664672851562,-207.02745056152344,85.31512451171875,sector-97,subsector-97-16
XU-210,XU-210,A,-984.37939453125,-155.02723693847656,109.41260528564453,sector-97,subsector-97-10
XU-397,XU-397,K,-853.992919921875,-186.0719451904297,78.25383758544922,sector-97,subsector-97-23
XU-499,XU-499,K,-936.2394409179688,-211.65127563476562,100.12982177734375,sector-97,subsector-97-15
XU-753,XU-753,G,-808.9539794921875,-183.02001953125,141.99322509765625,sector-97,subsector-97-22
XV-158,XV-158,M,-298.098388671875,863.2359008789062,105.92489624023438,sector-15,subsector-15-20
XV-374,XV-374,G,-250.6612091064453,784.5032958984375,80.0420913696289,sector-15,subsector-15-21
XV-396,XV-396,F,-295.24658203125,796.2330322265625,72.8953628540039,sector-15,subsector-15-19
XV-825,XV-825,F,-341.94378662109375,835.3045043945312,107.7193603515625,sector-15,subsector-15-15
XV-857,XV-857,K,-264.49383544921875,879.6434936523438,73.37651062011719,sector-15,subsector-15-0
YA-424,YA-424,K,-579.4598388671875,1013.443359375,66.43848419189453,sector-53,subsector-53-20
YA-462,YA-462,F,-517.2428588867188,1043.2232666015625,41.89576721191406,sector-53,subsector-53-1
YA-471,YA-471,K,-626.4266357421875,1105.89990234375,59.997745513916016,sector-53,subsector-53-6
YA-646,YA-646,A,-561.0482177734375,1109.534423828125,107.95063781738281,sector-53,subsector-53-5
YA-711,YA-711,K,-663.2590942382812,1024.880126953125,31.362960815429688,sector-53,subsector-53-13
YA-997,YA-997,F,-547.8153686523438,980.23974609375,107.27803039550781,sector-53,subsector-53-21
YI-059,YI-059,A,77.3415298461914,566.185302734375,44.377262115478516,sector-29,subsector-29-15
YI-209,YI-209,M,180.67283630371094,681.209716796875,46.1552619934082,sector-29,subsector-29-5
YI-265,YI-265,K,134.80584716796875,679.3834228515625,50.795555114746094,sector-29,subsector-29-6
YI-280,YI-280,A,198.73878479003906,614.120361328125,81.4594497680664,sector-29,subsector-29-3
YI-552,YI-552,M,166.5911102294922,533.4154663085938,98.85602569580078,sector-29,subsector-29-18
YI-683,YI-683,G,217.10336303710938,585.5106201171875,109.96884155273438,sector-29,subsector-29-22
YI-705,YI-705,M,169.55690002441406,640.745361328125,62.589141845703125,sector-29,subsector-29-4
YI-715,YI-715,K,182.1072540283203,578.3790283203125,53.239585876464844,sector-29,subsector-29-20
YK-005,YK-005,K,376.50750732421875,-96.34432983398438,87.76696014404297,sector-46,subsector-46-13
YK-024,YK-024,K,409.50921630859375,-16.564367294311523,92.88360595703125,sector-46,subsector-46-9
YK-266,YK-266,G,451.8858947753906,-47.09458541870117,87.31987762451172,sector-46,subsector-46-4
YK-590,YK-590,G,486.2244873046875,-16.525184631347656,88.2501449584961,sector-46,subsector-46-5
YK-649,YK-649,M,372.7978820800781,-64.0953598022461,70.03339385986328,sector-46,subsector-46-10
YK-715,YK-715,F,512.4649658203125,-98.39659118652344,98.24372100830078,sector-46,subsector-46-22
YP-131,YP-131,M,-485.0058898925781,614.0849609375,63.652278900146484,sector-12,subsector-12-8
YP-225,YP-225,M,-443.3738098144531,540.2874145507812,108.70449829101562,sector-12,subsector-12-19
YP-278,YP-278,M,-377.8088073730469,634.2646484375,85.99296569824219,sector-12,subsector-12-1
YP-819,YP-819,M,-413.6297607421875,607.3872680664062,95.80330657958984,sector-12,subsector-12-0
YP-888,YP-888,M,-470.5758972167969,686.0819091796875,82.28844451904297,sector-12,subsector-12-6
YP-916,YP-916,M,-408.6573791503906,526.2199096679688,80.09687805175781,sector-12,subsector-12-18
YP-922,YP-922,M,-427.5092468261719,662.4774169921875,82.73162078857422,sector-12,subsector-12-5
YP-951,YP-951,M,-409.8777160644531,566.0048828125,86.28458404541016,sector-12,subsector-12-23
YV-131,YV-131,M,-321.8207092285156,-1074.009521484375,93.31031036376953,sector-106,subsector-106-12
YV-391,YV-391,G,-232.22613525390625,-999.9288940429688,39.60392379760742,sector-106,subsector-106-3
YV-441,YV-441,M,-247.00735473632812,-1041.8846435546875,71.54157257080078,sector-106,subsector-106-22
YV-599,YV-599,M,-362.8047180175781,-1034.09033203125,22.1795654296875,sector-106,subsector-106-10
YV-800,YV-800,K,-349.70819091796875,-1082.3350830078125,83.90352630615234,sector-106,subsector-106-15
YW-240,YW-240,M,902.8857421875,-15.502514839172363,87.7019271850586,sector-42,subsector-42-16
YW-310,YW-310,M,901.477294921875,-48.094791412353516,91.80506134033203,sector-42,subsector-42-19
YW-338,YW-338,G,898.3496704101562,19.586612701416016,58.37974548339844,sector-42,subsector-42-4
YW-523,YW-523,K,956.1349487304688,-15.252365112304688,106.63421630859375,sector-42,subsector-42-23
YW-650,YW-650,G,885.30322265625,-83.62293243408203,93.94617462158203,sector-42,subsector-42-17
YW-685,YW-685,M,914.093017578125,57.878684997558594,48.95672607421875,sector-42,subsector-42-7
ZK-357,ZK-357,M,347.91400146484375,962.162353515625,98.68595886230469,sector-23,subsector-23-21
ZK-602,ZK-602,M,316.2679443359375,958.5755615234375,78.15122985839844,sector-23,subsector-23-18
ZK-768,ZK-768,G,277.5553283691406,1013.21337890625,150,sector-23,subsector-23-12
ZK-780,ZK-780,M,338.88818359375,1020.7445678710938,99.94119262695312,sector-23,subsector-23-20
ZK-990,ZK-990,F,210.187255859375,1032.85888671875,83.24866485595703,sector-23,subsector-23-13
ZV-194,Antares III,M,295.9615478515625,-145.76136779785156,75.75312042236328,sector-56,subsector-56-4
ZV-307,Antares I,F,276.08953857421875,-189.54452514648438,89.24495697021484,sector-56,subsector-56-12
ZV-639,ZV-639,G,249.5818634033203,-254.5736541748047,71.0233154296875,sector-56,subsector-56-14
ZV-759,Antares II,K,262.13470458984375,-153.92018127441406,61.68777084350586,sector-56,subsector-56-8
ZV-896,ZV-896,F,378.976318359375,-168.48916625976562,116.46907806396484,sector-56,subsector-56-1

