Ticker,MMBuy,MMSell,AI1-Average,AI1-AskAmt,AI1-AskPrice,AI1-AskAvail,AI1-BidAmt,AI1-BidPrice,AI1-BidAvail,CI1-Average,CI1-AskAmt,CI1-AskPrice,CI1-AskAvail,CI1-BidAmt,CI1-BidPrice,CI1-BidAvail,CI2-Average,CI2-AskAmt,CI2-AskPrice,CI2-AskAvail,CI2-BidAmt,CI2-BidPrice,CI2-BidAvail,NC1-Average,NC1-AskAmt,NC1-AskPrice,NC1-AskAvail,NC1-BidAmt,NC1-BidPrice,NC1-BidAvail,NC2-Average,NC2-AskAmt,NC2-AskPrice,NC2-AskAvail,NC2-BidAmt,NC2-BidPrice,NC2-BidAvail,IC1-Average,IC1-AskAmt,IC1-AskPrice,IC1-AskAvail,IC1-BidAmt,IC1-BidPrice,IC1-BidAvail
AAR,,,14000,1,15000,64,1,14000,1,10000,3,15000,3,4,9100,25,6839.64013671875,,,0,,,0,17000,3,17000,15,20,7500,50,6839.64013671875,,,0,,,0,18000,1,18000,1,,,0
ABH,,,36000,6,69000,101,20,31000,30,53819.05859375,,,0,10,36000,51,24309.869140625,,,0,,,0,48795.62109375,1,123277.5390625,1,16,50000,16,24309.869140625,,,0,,,0,48917.140625,38,70000,38,,,0
ACS,,,250000,4,250000,4,,,0,75144.5390625,1,148500,1,,,0,75144.5390625,,,0,,,0,300000,,,0,,,0,75144.5390625,,,0,,,0,75144.5390625,,,0,,,0
ADE,,,28000,8,69000,91,15,28000,25,46540.9296875,,,0,,,0,21448.439453125,,,0,,,0,48000,4,85000,8,12,50000,12,21448.439453125,,,0,,,0,47221,36,70000,36,,,0
ADR,48000,,48653.66015625,,,0,4,48002,109,48000,,,0,100,48000,100,29454.05078125,,,0,,,0,48253.390625,2,49100,2,100,48000,100,29454.05078125,,,0,,,0,48000,,,0,100,48000,100
ADS,,,150000,1,150000,1,,,0,127500,,,0,,,0,55441.69921875,,,0,,,0,130000,,,0,3,105000,3,55441.69921875,,,0,,,0,102500,,,0,,,0
AEF,,,2999,9,2900,67,40,1400,240,2524.320068359375,54,2800,77,60,1850,71,1800,,,0,,,0,2997.89990234375,24,3000,540,20,1850,23,2124.820068359375,30,2600,30,,,0,2493.77001953125,48,2500,516,30,2100,56
AEN,,,978596.25,,,0,,,0,978596.25,,,0,,,0,978596.25,,,0,,,0,978596.25,,,0,,,0,978596.25,,,0,,,0,978596.25,,,0,,,0
AFP,,,134854.125,,,0,,,0,134854.125,,,0,,,0,134854.125,,,0,,,0,134854.125,,,0,,,0,134854.125,,,0,,,0,134854.125,,,0,,,0
AFR,,,7837.64013671875,,,0,,,0,5000,,,0,,,0,7837.64013671875,,,0,,,0,20000,11,20000,11,,,0,7837.64013671875,,,0,,,0,7837.64013671875,,,0,,,0
AGS,,,221720.1875,,,0,1,170000,1,221720.1875,,,0,1,180000,1,221720.1875,,,0,,,0,120000,1,280000,1,1,170000,2,221720.1875,,,0,,,0,221720.1875,,,0,,,0
AHP,,,5000,6,5000,6,,,0,5566.330078125,,,0,,,0,5566.330078125,,,0,,,0,5566.330078125,2,8000,2,,,0,5566.330078125,,,0,,,0,5566.330078125,,,0,,,0
AIR,185000,,91614.84375,,,0,100,185000,100,91614.84375,,,0,100,185000,100,91614.84375,,,0,,,0,185000.015625,,,0,13,185000.015625,113,91614.84375,,,0,,,0,185000,,,0,100,185000,100
AL,,,455.1000061035156,6,440,2004,476,424,3493,540.6199951171875,4,555,206,150,499,666,275,,,0,231,27.5,231,563.2899780273438,105,579,2398,54,526.010009765625,1365,375,60,375,398,,,0,483.1099853515625,100,499.9800109863281,1533,2,441,721
ALE,,,1445.7900390625,96,1300,409,3,1100,271,1641.1800537109375,72,1660,922,164,1500,184,750,,,0,,,0,1445.3699951171875,19,1450,475,50,1150,1885,800,60,1250,60,,,0,1099.97998046875,80,1100,406,50,802,1165
ALG,80,,100,,,0,100,120,304,120,,,0,4,120,588,85,,,0,1000,90,1000,159.3300018310547,138,160,1148,20,113.01000213623047,3210,133.72999572753906,,,0,,,0,137.5,342,165,886,2000,100,2190
ALO,42,,59.43000030517578,370,84,5114,250,60,6681,92.30000305175781,245,104,5699,80,80,2024,50,96,80,96,,,0,140.16000366210938,68,133.99000549316406,13282,240,110,2506,70,,,0,,,0,90.9800033569336,100,89.98999786376953,6918,300,85.0199966430664,2577
AMM,,,220.22999572753906,191,354.6300048828125,455,10,145.00999450683594,1337,149.58999633789062,14,150,6449,12,130,11524,100,200,150,200,,,0,125.98999786376953,331,200,2740,8,150,4617,130,20,120,89,,,0,250.3000030517578,5167,500,5167,20,201,2271
ANZ,,,70833.640625,,,0,,,0,70833.640625,,,0,,,0,70833.640625,,,0,,,0,70833.640625,,,0,,,0,70833.640625,,,0,,,0,70833.640625,,,0,,,0
APT,,,8370.4501953125,,,0,,,0,8370.4501953125,,,0,,,0,8370.4501953125,,,0,,,0,8370.4501953125,,,0,,,0,8370.4501953125,,,0,,,0,8370.4501953125,,,0,,,0
AR,,,160.50999450683594,270,240,354,20,90,120,150.1300048828125,111,150,3375,100,83,100,285.7099914550781,,,0,,,0,195.39999389648438,277,228.99000549316406,1926,40,90,340,300,50,400,50,,,0,304.989990234375,70,305,800,40,83.01000213623047,140
ARP,,,5869.1201171875,,,0,,,0,5869.1201171875,,,0,,,0,5869.1201171875,,,0,,,0,5869.1201171875,,,0,,,0,5869.1201171875,,,0,,,0,5869.1201171875,,,0,,,0
ASE,,,55506.7890625,3,55000,32,10,30000,10,50000,,,0,4,35000,34,19715.48046875,,,0,,,0,52838.421875,2,100000,2,8,55000,10,19715.48046875,,,0,,,0,49999,3,55000,40,7,36000,7
AST,,,2250,23,2250,23,100,1000,100,2100,,,0,44,2100,44,1629.8599853515625,,,0,,,0,1500,40,2500,40,1,1500,1,1629.8599853515625,,,0,,,0,1629.8599853515625,,,0,,,0
ATA,,,22000,31,70000,31,10,20000,19,30000,,,0,11,21000,22,15057.51953125,,,0,,,0,29502.310546875,,,0,8,30000,18,15057.51953125,,,0,,,0,43047.62109375,,,0,,,0
ATP,,,12416.009765625,,,0,,,0,12416.009765625,,,0,,,0,12416.009765625,,,0,,,0,12416.009765625,,,0,,,0,12416.009765625,,,0,,,0,12416.009765625,,,0,,,0
AU,,,1071.68994140625,60,1200,186,,,0,1000,13,1436.6400146484375,25,,,0,627.3300170898438,,,0,,,0,890.6599731445312,15,900,166,,,0,627.3300170898438,,,0,,,0,3000,4,2200,20,,,0
AUO,137,,230,,,0,100,147,1027,490,31,500,31,28,300.0299987792969,998,108.2699966430664,,,0,,,0,242.74000549316406,300,494.95001220703125,754,100,150,200,108.2699966430664,,,0,,,0,286.5,,,0,100,170,420
AWF,,,3000,,,0,,,0,6000,2,6000,2,,,0,2969.239990234375,,,0,,,0,2599,,,0,1,2599,1,2969.239990234375,,,0,,,0,2969.239990234375,4,4000,4,,,0
AWH,,,10563.259765625,,,0,,,0,10563.259765625,,,0,,,0,10563.259765625,,,0,,,0,10563.259765625,,,0,,,0,10563.259765625,,,0,,,0,10563.259765625,,,0,,,0
BAC,,,1000,,,0,,,0,1000,,,0,26,750,26,1288.9000244140625,,,0,,,0,2450,95,2450,95,20,1600,80,1288.9000244140625,,,0,,,0,800,,,0,100,800,100
BAI,,,6845.89990234375,,,0,,,0,6845.89990234375,10,13000,10,,,0,6845.89990234375,,,0,,,0,8000,18,13000,18,,,0,6845.89990234375,,,0,,,0,6845.89990234375,,,0,,,0
BBH,750,2400,2217.110107421875,46,2200,200,26,1700,447,1761.4599609375,30,1800,727,3,1325,262,1700,4,1700,4,,,0,1668.1199951171875,11,1700,780,1,1500,3576,1200,35,1200,256,4,1000,4,2122.72998046875,85,2235,314,8,1803,308
BCO,,,319.25,592,400,2992,,,0,444.6400146484375,50,414,2172,10000,250,10000,304.3599853515625,,,0,,,0,432.80999755859375,238,450,1238,24,390,24,304.3599853515625,,,0,,,0,366.05999755859375,500,475,500,,,0
BDE,850,2350,2256.659912109375,127,2294.989990234375,371,18,1905,165,1586.3599853515625,10,1550,1132,11,1450,591,1550,22,1550,22,,,0,1366.6600341796875,18,1449,758,6,1250,2081,1000,4,1000,236,,,0,2058.35009765625,9,2249.89990234375,313,2,1351,230
BE,,,2763.4599609375,3,3000,27,3,1800,33,2600,75,2995,75,55,1653.5699462890625,55,1194,,,0,,,0,3240.659912109375,500,3500,2000,100,2300,100,1194,,,0,,,0,2520.2099609375,147,2749.989990234375,332,31,2222,31
BEA,,,145,14,160,236,100,116,1942,114,,,0,15,120,2113,84,,,0,,,0,116.33000183105469,152,111.11000061035156,645,81,107.0999984741211,2325,100,100,100,187,24,90,24,130.4499969482422,19,150,886,1500,112,4416
BER,,,392.92999267578125,,,0,40,425,378,450,250,500,250,70,370,314,20,,,0,,,0,389.30999755859375,100,470,843,100,360,380,117.55000305175781,,,0,,,0,721.530029296875,51,900,51,50,350,460
BFP,,,20238.900390625,,,0,,,0,20238.900390625,,,0,,,0,20238.900390625,,,0,,,0,20238.900390625,,,0,,,0,20238.900390625,,,0,,,0,20238.900390625,,,0,,,0
BFR,,,1500,10,1500,12,,,0,1999.989990234375,3,1000,133,,,0,2539.510009765625,,,0,,,0,1999.989990234375,1,2000,1,,,0,2539.510009765625,,,0,,,0,2539.510009765625,4,3000,7,,,0
BGC,,,423.0400085449219,10,800,10,100,380,100,331.75,37,465,144,100,320,100,324.989990234375,,,0,,,0,421.7699890136719,8,449,95,50,330,50,324.989990234375,,,0,,,0,450,60,444.44000244140625,720,119,350,119
BGO,,,1000.010009765625,,,0,5,1000,5,1405.22998046875,28,1500,28,,,0,766.97998046875,,,0,,,0,1699.989990234375,17,1700,59,20,800,20,766.97998046875,,,0,,,0,1500,,,0,,,0
BGS,,,88306.3984375,,,0,1,60000,1,63000,,,0,,,0,88306.3984375,,,0,,,0,60000,,,0,1,60000,1,88306.3984375,,,0,,,0,88306.3984375,,,0,1,60000,1
BHP,,,2877.89990234375,206,3000,217,4,2710,19,2905.419921875,7,2250,7,2,2000.0999755859375,8,1500,,,0,,,0,4213.16015625,100,5000,1263,14,2800,105,1600,32,1600,32,,,0,2750,18,2750,295,2,2401,67
BID,,,25000,,,0,,,0,24566.470703125,,,0,,,0,24566.470703125,,,0,,,0,24566.470703125,,,0,,,0,24566.470703125,,,0,,,0,24566.470703125,,,0,,,0
BL,,,3000,,,0,,,0,1750,,,0,10,2000,14,3004.719970703125,,,0,,,0,6196.43017578125,5,6500,5,20,4500,60,3004.719970703125,,,0,,,0,5000,,,0,,,0
BLE,,,1500,3,3750,3,,,0,1500,3,1440,46,2,900.010009765625,14,1821.280029296875,,,0,,,0,1325,2,1325,10,4,900,4,1821.280029296875,,,0,,,0,700,2,1100,8,20,500,20
BMF,,,20000,,,0,1,18000,2,21000,3,25000,4,4,10000,4,11077.5703125,,,0,,,0,23187.7109375,,,0,30,18000,35,11077.5703125,,,0,,,0,16464.900390625,,,0,1,15000,1
BND,,,274.30999755859375,,,0,,,0,274.30999755859375,,,0,,,0,274.30999755859375,,,0,,,0,270,60,400,260,,,0,274.30999755859375,,,0,,,0,274.30999755859375,40,600,200,,,0
BOR,,,350,,,0,100,260,248,350,90,350,337,20,275.010009765625,495,117.55000305175781,,,0,,,0,336.6700134277344,310,350,810,104,325,1085,83.47000122070312,,,0,50,130,250,346.19000244140625,36,349,78,30,300,99
BOS,,,5000,24,6000,24,124,5000,124,5359.3798828125,8,4750,27,,,0,1914.6800537109375,,,0,,,0,3750,4,5000,44,,,0,1914.6800537109375,,,0,,,0,1914.6800537109375,,,0,,,0
BPT,,,2656.85009765625,,,0,,,0,2656.85009765625,,,0,,,0,2656.85009765625,,,0,,,0,3000,,,0,43,2500,43,2656.85009765625,,,0,,,0,3200,6,3000,36,,,0
BR1,,,450000,1,450000,1,,,0,470000,,,0,,,0,255340.484375,,,0,,,0,500000,,,0,1,376000,2,255340.484375,,,0,,,0,450000,,,0,,,0
BR2,,,343143.09375,,,0,,,0,343143.09375,,,0,,,0,343143.09375,,,0,,,0,343143.09375,1,1100000,1,,,0,343143.09375,,,0,,,0,343143.09375,,,0,,,0
BRM,,,175,100,200,1106,488,175,562,120,132,180,132,711,120,1411,51.43000030517578,,,0,,,0,171.02000427246094,5,160,102,200,101,1131,40,240,100,340,400,40,400,180,50,180,287,200,50,200
BRO,,,1000,9,990,68,,,0,1675,18,1112,27,,,0,836.489990234375,,,0,,,0,2499.989990234375,22,2500,111,150,1101,150,836.489990234375,,,0,,,0,1750,20,1900,62,,,0
BRP,,,3225.530029296875,,,0,,,0,3225.530029296875,,,0,,,0,3225.530029296875,,,0,,,0,3225.530029296875,,,0,,,0,3225.530029296875,,,0,,,0,3225.530029296875,,,0,,,0
BRS,,,220000,,,0,,,0,190000,,,0,,,0,127983.546875,,,0,,,0,167000,,,0,1,180000,2,127983.546875,,,0,,,0,193000,,,0,,,0
BSC,,,28500,33,25000,34,,,0,14624.330078125,,,0,,,0,14624.330078125,,,0,,,0,15001,,,0,,,0,14624.330078125,,,0,,,0,14624.330078125,,,0,,,0
BSE,475,1550,1510.9100341796875,24,1500,276,19,1450,4858,1433.989990234375,24,1500,1714,30,1375,803,1500,198,1500,198,2,1200,2,1458.9599609375,65,1519,12009,230,1360.0999755859375,3530,1269.199951171875,15,1550,140,1,1300,9,1533.4300537109375,187,1499.989990234375,4111,3,1460,732
BTA,500,1600,1218.72998046875,36,1235,361,3,950,274,1130.8499755859375,24,1135,291,2,1000.0999755859375,241,500,,,0,,,0,999.8200073242188,21,1034,490,1,930,461,850.02001953125,38,890,139,,,0,1208.1500244140625,12,1289.800048828125,375,1,1001,144
BTS,,,500,3,500,550,80,400,80,436.9800109863281,33,439,3248,100,310,100,100.3499984741211,,,0,,,0,411.8900146484375,79,449,3768,,,0,100.3499984741211,,,0,,,0,400,100,1500,100,,,0
BWH,,,5000,,,0,,,0,3769.89990234375,,,0,,,0,3769.89990234375,,,0,,,0,5000,,,0,11,5000,11,3769.89990234375,,,0,,,0,3769.89990234375,,,0,,,0
BWS,,,21066.400390625,,,0,4,21000,27,27939.3203125,2,25000,2,2,15000,7,8697.1298828125,,,0,,,0,37172.73828125,3,35000,3,4,25000,64,8697.1298828125,,,0,,,0,20000,,,0,,,0
C,225,,414.6400146484375,37,420,2770,72,401,2455,443.6700134277344,10,440,4219,826,420,4963,331.2300109863281,136,350,136,,,0,424.6400146484375,64,460,1053,6,376,2521,350,92,500,92,30,330,51,328.42999267578125,87,344,3352,400,310.010009765625,1890
CA,,,300,2,1000,2,,,0,300,51,500,51,20,100,31,1008.4000244140625,,,0,,,0,250,3,240,98,8,50,58,1008.4000244140625,,,0,,,0,100,7,100,32,10,50,10
CAF,,,664.0999755859375,192,740,917,3,500,24,656.7899780273438,7,649,263,10,560,257,780,,,0,,,0,774.0900268554688,26,775,1667,30,650,1389,782.97998046875,,,0,4,800,4,630.4000244140625,100,600,1046,193,425,211
CAP,,,124.86000061035156,62,125,3312,,,0,200,,,0,,,0,143.9499969482422,,,0,,,0,110,15,95,310,,,0,143.9499969482422,,,0,,,0,195,25,195,335,,,0
CBL,87000,,87685.8515625,1,120000,1,4,87001,109,87000,1,90000,6,100,87000,100,43824.359375,,,0,,,0,87000,5,99000,8,100,87000,100,43824.359375,,,0,,,0,87000,5,98500,8,100,87000,100
CBM,60000,,60000,3,90000,19,100,60000,100,68000,3,70000,7,100,60000,100,29642.349609375,,,0,,,0,60847.5390625,,,0,6,60001,106,29642.349609375,,,0,,,0,60000,2,65000,4,100,60000,100
CBS,,,40000,2,50000,19,100,40000,100,41398.7890625,1,45000,13,100,40000,100,17970.41015625,,,0,,,0,40000,1,41750,5,100,40000,100,17970.41015625,,,0,,,0,40000,1,50000,2,100,40000,100
CC,,,332495.9375,,,0,100,300000,100,332495.9375,,,0,100,300000,100,332495.9375,,,0,,,0,300000,,,0,100,300000,100,332495.9375,,,0,,,0,332495.9375,,,0,100,300000,100
CCD,55000,,55000,,,0,100,55000,100,55000,10,60000,11,100,55000,100,27535.919921875,,,0,,,0,55000,,,0,100,55000,100,27535.919921875,,,0,,,0,55000,,,0,100,55000,100
CD,,,6000,19,6000,29,,,0,12000,,,0,,,0,7735.06005859375,,,0,,,0,4500,,,0,,,0,7735.06005859375,,,0,,,0,7735.06005859375,,,0,,,0
CF,,,2747.93994140625,4,2650,4,,,0,3500,20,3400,36,,,0,3377.47998046875,,,0,,,0,3000,1,3600,22,135,3000,135,3377.47998046875,,,0,,,0,2000,3,4220,17,23,2000,23
CHA,,,21056.5703125,,,0,,,0,12000,,,0,,,0,21056.5703125,,,0,,,0,30000,,,0,41,12000,41,21056.5703125,,,0,,,0,12500,,,0,,,0
CL,,,2373.64990234375,16,2500,89,90,2000,125,2146.010009765625,5,2600,125,100,2000,165,2212.429931640625,,,0,,,0,2687.64990234375,20,2500,187,100,2000,1039,1650,73,1650,73,25,1300,25,2078.7900390625,30,2425,160,19,1700.010009765625,37
CLI,51,,114.55000305175781,176,120,2012,48,55,1148,95.38999938964844,325,120,429,30,90,264,51.43000030517578,,,0,,,0,89.25,203,115,3276,100,52.0099983215332,296,150,,,0,143,150,143,56.58000183105469,30,69,1015,100,51,100
COF,,,474.8599853515625,1981,450,7339,10,340,830,439.0899963378906,289,425,2580,100,250,100,347.4700012207031,150,395,150,,,0,416.7799987792969,574,419,14969,14,404.0199890136719,1421,499,4439,499,4449,33,400,116,399.5899963378906,330,400,12074,50,350,6187
COM,,,150000,,,0,,,0,150000,,,0,1,140000,3,37644.23046875,,,0,,,0,120000,,,0,1,150000,4,37644.23046875,,,0,,,0,37644.23046875,,,0,,,0
COT,,,2448.0400390625,33,2700,183,10,1201.010009765625,30,1718.760009765625,10,2429.989990234375,69,2,1102,106,1698.0400390625,10,1500,10,,,0,2020.5,26,2485,59,2,1700,154,1200,23,1200,23,,,0,1365.780029296875,,,0,1,1350,262
CQL,,,1000000,,,0,,,0,641697.3125,,,0,,,0,641697.3125,,,0,,,0,641697.3125,,,0,1,600000,1,641697.3125,,,0,,,0,641697.3125,,,0,,,0
CQM,,,927528.8125,,,0,,,0,860000,,,0,,,0,486497.15625,,,0,,,0,750000,,,0,,,0,486497.15625,,,0,,,0,860000,,,0,,,0
CQS,,,350000,1,780000,3,,,0,780000,,,0,,,0,381973.59375,,,0,,,0,675000,,,0,,,0,381973.59375,,,0,,,0,780000,,,0,,,0
CQT,,,150000,,,0,,,0,150000,,,0,,,0,109265.2421875,,,0,,,0,150000,,,0,,,0,109265.2421875,,,0,,,0,135000,,,0,,,0
CRU,150000,,140199.15625,,,0,100,150000,100,140199.15625,,,0,100,150000,100,140199.15625,,,0,,,0,140199.15625,,,0,100,150000,100,140199.15625,,,0,,,0,140199.15625,,,0,100,150000,100
CST,,,2942.81005859375,,,0,,,0,480,1,480,1,,,0,2942.81005859375,,,0,,,0,106,,,0,,,0,2942.81005859375,,,0,,,0,2942.81005859375,3,2942.81005859375,6,,,0
CTF,,,11000,,,0,15,11000,15,12251.0498046875,,,0,,,0,10124.5595703125,,,0,,,0,15000,4,20000,14,88,15000,88,10124.5595703125,,,0,,,0,44000,,,0,,,0
CU,,,1179.239990234375,29,1200,415,67,920,167,1293.8399658203125,15,1000,33,,,0,560.739990234375,,,0,,,0,1263.739990234375,10,1400,10,20,932,172,560.739990234375,,,0,,,0,1500,,,0,20,900,20
CUO,63,,218.1199951171875,25,218.1199951171875,3356,100,63,100,240,10,269.989990234375,1373,120,200,370,63.29999923706055,,,0,,,0,249.91000366210938,86,250,1835,25,235,465,63.29999923706055,,,0,,,0,102.9800033569336,107,248.4199981689453,251,50,110,440
DA,,,30000,11,30000,11,,,0,2850,1,25000,8,,,0,26241.5703125,,,0,,,0,44000,13,44000,50,,,0,26241.5703125,,,0,,,0,26241.5703125,1,60000,1,,,0
DCH,,,9000,,,0,,,0,8802.490234375,,,0,,,0,8802.490234375,,,0,,,0,8802.490234375,,,0,,,0,8802.490234375,,,0,,,0,8802.490234375,,,0,,,0
DCL,,,2400,4,3500,4,,,0,3471.7099609375,3,8000,4,,,0,3538.300048828125,,,0,,,0,2500,,,0,,,0,3538.300048828125,,,0,,,0,2828.340087890625,2,3500,10,,,0
DCM,,,2700,,,0,,,0,2050,,,0,25,2100,61,2267.81005859375,,,0,,,0,2906.760009765625,,,0,30,2525.25,30,2267.81005859375,,,0,,,0,2000,,,0,30,1850,30
DCS,,,1200,,,0,431,1000,445,896.5399780273438,,,0,20,810,387,861.1300048828125,,,0,,,0,1000,6,1500,6,580,1000,590,861.1300048828125,,,0,,,0,800,6,1300,46,,,0
DD,,,26708.400390625,,,0,,,0,26708.400390625,,,0,,,0,26708.400390625,,,0,,,0,26708.400390625,2,30000,2,,,0,26708.400390625,,,0,,,0,26708.400390625,,,0,,,0
DDT,,,2139.169921875,37,2230,297,10,1950,59,1990.93994140625,8,1998,282,10,1900,213,2318.090087890625,,,0,,,0,2075.929931640625,405,1999,1269,20,1877,190,2318.090087890625,44,2250,44,,,0,2302.27001953125,9,1900,174,10,1805,52
DEC,,,10000,2,13500,3,89,10000,99,7000,2,9500,7,,,0,9479.2001953125,,,0,,,0,15000,6,15000,14,4,7000,4,9479.2001953125,,,0,,,0,17171.7109375,2,15595.509765625,9,,,0
DIS,,,4500,60,4200,80,20,2000,20,4400,,,0,,,0,5291.64013671875,,,0,,,0,4100,,,0,,,0,5291.64013671875,,,0,,,0,5000,,,0,20,1500,20
DOU,,,200000,,,0,,,0,102996.203125,,,0,,,0,102996.203125,,,0,,,0,102996.203125,,,0,,,0,102996.203125,,,0,,,0,102996.203125,,,0,,,0
DRF,,,2000,20,2000,20,,,0,2500,,,0,,,0,3025.3798828125,,,0,,,0,4997,2,3500,24,,,0,3025.3798828125,,,0,,,0,3025.3798828125,,,0,,,0
DV,,,12329.669921875,,,0,,,0,10500,1,12000,6,,,0,12329.669921875,,,0,,,0,12329.669921875,1,20000,1,,,0,12329.669921875,,,0,,,0,12329.669921875,2,20000,2,,,0
DW,,,70.76000213623047,2357,68.98999786376953,53938,22,68.9800033569336,16623,69.73999786376953,11,62.56999969482422,27512,100,62.560001373291016,30563,46,2809,68,5695,960,46,1405,68.41999816894531,2436,79.77999877929688,16789,489,73,102448,69,190,69,7950,1,40,701,58.22999954223633,892,59.689998626708984,43972,100,55.52000045776367,52450
EDC,16000,,16000,120,17000,573,100,16000,100,16000,3,16400,8,100,16000,100,8219.7802734375,,,0,,,0,16000,3,16250,23,100,16000,100,8219.7802734375,,,0,,,0,16157.080078125,1,17000,11,300,16500.009765625,400
EES,,,48741.9609375,2,90000,2,,,0,48741.9609375,2,100000,3,,,0,48741.9609375,,,0,,,0,65000,2,78000,11,,,0,48741.9609375,,,0,,,0,48741.9609375,,,0,,,0
ENG,,,500000,,,0,,,0,366662.8125,,,0,,,0,366662.8125,,,0,,,0,500000,,,0,,,0,366662.8125,,,0,,,0,366662.8125,,,0,,,0
EPO,,,122.44000244140625,350,200,350,10000,100,12050,118.80000305175781,5000,120,9056,5000,80.01000213623047,5690,82.68000030517578,,,0,,,0,123.79000091552734,500,160,2827,10000,118,15532,82.68000030517578,,,0,,,0,132.27999877929688,100,115,1150,300,90.01000213623047,1358
ES,,,5622.2998046875,5,7000,5,95,5000,194,5382.08984375,,,0,4,3150.010009765625,129,1888.1600341796875,,,0,,,0,4889.31982421875,5,7000,7,10,3601.010009765625,520,1888.1600341796875,,,0,,,0,4913.169921875,,,0,5,4000.010009765625,68
ETC,,,15000,17,15000,17,,,0,12500,17,12000,21,,,0,10329.26953125,,,0,,,0,10000,3,15000,3,,,0,10329.26953125,,,0,,,0,11900,,,0,,,0
EXO,,,206.4499969482422,64,239,385,3,147,547,169.8300018310547,80,174.9499969482422,2285,1,151.02000427246094,1168,150,147,165,207,,,0,167.74000549316406,623,180,2341,1000,120.0199966430664,4951,250,40,250,183,,,0,156.13999938964844,500,150,1493,30,81.0199966430664,295
F,,,1200,,,0,50,933.3900146484375,55,2500,36,2500,36,12,1900,533,222.22000122070312,,,0,,,0,6000,16,6000,16,10,3000,130,222.22000122070312,,,0,,,0,1200,,,0,10,1111.1099853515625,10
FAL,,,1000,18,1000,18,80,700,80,600,,,0,2,600,2,1027.9599609375,,,0,,,0,1300,88,1300,88,28,650,58,1027.9599609375,,,0,,,0,1000,3,1000,3,14,600,14
FAN,,,1200,5,1200,5,,,0,1000,66,1000,277,,,0,987.25,,,0,,,0,999,2,999,57,,,0,987.25,,,0,,,0,1500,5,1200,5,,,0
FC,,,3000,,,0,,,0,2500,,,0,25,3000,50,2253.139892578125,,,0,,,0,3861.639892578125,2,3000,12,,,0,2253.139892578125,,,0,,,0,2000,2,2500,2,,,0
FE,,,482.6400146484375,8,549,667,2,545,1287,486.3599853515625,63,449,191,2,425,901,404.010009765625,,,0,500,40.40999984741211,500,403.7900085449219,63,470,945,225,400.0199890136719,1078,350,20,350,100,,,0,404.1700134277344,12,469.989990234375,733,100,390.239990234375,1802
FEO,32,,107.36000061035156,374,110,708,18,70.05000305175781,729,63.0099983215332,1,90,10,4,62.5,896,50,,,0,,,0,35.369998931884766,2,35.349998474121094,2555,84,35.02000045776367,13793,41,,,0,,,0,77.04000091552734,27,145,493,160,100,908
FET,,,2200,10,2200,10,100,1000,100,544,8,1600,8,,,0,1614.260009765625,,,0,,,0,3200,48,2000,48,,,0,1614.260009765625,,,0,,,0,2500,,,0,,,0
FF,,,13.779999732971191,100,12.5,115195,229,12.210000038146973,18928,11.819999694824219,1619,13.4399995803833,143022,500,11.199999809265137,67478,12,9299,12,13685,,,0,11.229999542236328,4400,11.34000015258789,417568,600,10.529999732971191,51528,11.5,2152,11.5,10152,200,11.489999771118164,6500,10.630000114440918,22401,10.9399995803833,335112,2000,10.220000267028809,68900
FFC,150000,,300000,,,0,100,150000,100,315000,1,315000,1,1,250000,101,144805.65625,,,0,,,0,325000,1,325000,1,100,150000,100,144805.65625,,,0,,,0,325000,1,1000000,1,100,150000,100
FIM,,,1709.8599853515625,100,1449,434,100,930,127,1268.8599853515625,4,1545,251,8,1111.010009765625,437,909.9500122070312,,,0,,,0,1580.8800048828125,126,2472.989990234375,451,100,1200.010009765625,2331,850,,,0,,,0,1550.3399658203125,10,2099.989990234375,382,40,1150.010009765625,1435
FIR,,,564206.1875,,,0,,,0,564206.1875,,,0,,,0,564206.1875,,,0,,,0,564206.1875,,,0,,,0,564206.1875,,,0,,,0,564206.1875,,,0,,,0
FLO,,,15000,,,0,,,0,8000,,,0,,,0,10184.8095703125,,,0,,,0,20000,12,20000,12,,,0,10184.8095703125,,,0,,,0,10184.8095703125,,,0,,,0
FLP,,,300,12,350,16,,,0,350,7,350,19,,,0,312.0899963378906,,,0,,,0,301.9100036621094,6,340,42,,,0,312.0899963378906,,,0,,,0,400,5,400,15,,,0
FLX,,,152.13999938964844,407,135,2174,200,125.01000213623047,2651,96.80000305175781,15,146.99000549316406,1465,100,80,397,75,52,75,62,,,0,91.19000244140625,2443,95,5718,363,90.01000213623047,4679,80,189,80,599,,,0,126.66000366210938,491,127.94000244140625,1319,70,60.0099983215332,1236
FOD,,,163.94000244140625,200,999.989990234375,730,,,0,163.94000244140625,48,155,444,200,93.37000274658203,504,170.30999755859375,,,0,,,0,222,32,200,80,,,0,170.30999755859375,,,0,,,0,297.9700012207031,16,199,481,,,0
FSE,,,750000,,,0,1,500000,1,800000,,,0,,,0,427320.125,,,0,,,0,580000,1,600000,1,10,500000,10,427320.125,,,0,,,0,427320.125,1,745000,1,,,0
FUN,,,60078.3984375,,,0,,,0,60078.3984375,,,0,,,0,60078.3984375,,,0,,,0,60078.3984375,,,0,,,0,60078.3984375,,,0,,,0,60078.3984375,,,0,,,0
GAL,57,,131.58999633789062,4,150,1507,13,81,499,75.23999786376953,12,76,8462,4,71.0199966430664,3306,80,,,0,,,0,93.7699966430664,100,115.11000061035156,2809,200,80,1228,57,86,80,186,,,0,74.19999694824219,69,98,3217,6,71,160
GC,,,147.22000122070312,10,170,444,,,0,210.97999572753906,36,200,227,72,126.38999938964844,102,153.66000366210938,,,0,,,0,198,98,198,670,50,101,56,153.66000366210938,,,0,,,0,175,50,199.99000549316406,70,,,0
GCH,,,19048.66015625,,,0,,,0,9000,,,0,,,0,19048.66015625,,,0,,,0,565,,,0,,,0,19048.66015625,,,0,,,0,7500,,,0,,,0
GEN,,,140000,1,170000,1,,,0,140000,1,140000,1,1,130000,1,239354.234375,,,0,,,0,140000,,,0,6,130000,6,239354.234375,,,0,,,0,140000,,,0,,,0
GIN,,,3043.320068359375,20,2950,160,30,2800,30,3202.8701171875,61,6969,61,,,0,2500,,,0,,,0,3441.780029296875,10,6000,10,20,3000.02001953125,701,2000,20,2000,40,,,0,3160.75,4,3699.89990234375,94,300,3000,334
GL,,,220.02000427246094,52,220,1524,10,219,60,216.89999389648438,962,225,1299,61,205,692,248.6999969482422,,,0,,,0,234.58999633789062,663,272,1392,24,225,649,248.6999969482422,26,320,26,,,0,203.75,30,220,1847,200,150.00999450683594,719
GNZ,,,40847.19140625,6,28000,6,,,0,40847.19140625,,,0,,,0,40847.19140625,,,0,,,0,13000,,,0,,,0,40847.19140625,,,0,,,0,40847.19140625,,,0,,,0
GRA,,,3000,,,0,,,0,2200,,,0,,,0,1401.739990234375,,,0,,,0,3000,10,2800,10,,,0,1401.739990234375,,,0,,,0,2960.419921875,,,0,10,2502,110
GRN,86,,158.80999755859375,38,160,1965,1,143.0500030517578,1873,109.13999938964844,91,114,613,200,91.0199966430664,1162,120,32,120,32,,,0,150.6699981689453,4,150,1470,23,132,3973,110,258,110,646,,,0,104.5999984741211,8,112,1466,45,100,2403
GV,,,1200,2,1100,20,2,500,2,2000,,,0,,,0,1032.550048828125,,,0,,,0,1000,44,1000,78,,,0,1032.550048828125,,,0,,,0,1200,1,1200,9,,,0
H,50,,88.2699966430664,716,85,19861,210,70.05000305175781,6742,93,290,95,7179,80,93,3048,90,,,0,,,0,101.02999877929688,940,100,12952,60,75.30000305175781,5366,80,800,80,800,1090,70,1090,140.94000244140625,495,105,105644,500,81.1500015258789,22126
H2O,,,34.720001220703125,16,35,69568,107,29.25,117831,37.41999816894531,190,87.97000122070312,190,200,34,42104,10.010000228881836,33,10.010000228881836,33,,,0,29.65999984741211,245,31,25336,300,29,61073,38,350,38,1517,10000,21,10000,28.260000228881836,150,25,11357,358,24.989999771118164,46649
HAB,,,60000,,,0,6,60000,6,38000,,,0,,,0,53978.7890625,,,0,,,0,40000,,,0,,,0,53978.7890625,,,0,,,0,45000,1,90000,1,,,0
HAL,75,,418.6600036621094,48,450,716,100,250,311,355.9100036621094,100,380,100,120,151,1430,102.86000061035156,,,0,,,0,267.92999267578125,760,250,1245,30,127.01000213623047,2629,500,60,500,60,,,0,224.86000061035156,23,225,1424,127,200,1514
HCC,,,362.7799987792969,,,0,600,300,600,400,,,0,35,250,35,328.1400146484375,,,0,,,0,624,200,570,620,50,388.32000732421875,638,328.1400146484375,,,0,,,0,603.0599975585938,5,603.0599975585938,117,,,0
HCP,88,,142.80999755859375,31,160,1766,60,90,170,136.32000732421875,100,130,403,73,110.01000213623047,1898,149,,,0,,,0,166.14999389648438,150,160,5099,100,131,2037,100,59,100,159,,,0,107.54000091552734,50,119,745,200,100,1255
HD,,,2830.239990234375,,,0,10,2800,220,2400,,,0,6,2500,36,1609.739990234375,,,0,,,0,2603.330078125,,,0,6,2800,241,1609.739990234375,,,0,,,0,1609.739990234375,,,0,,,0
HE,75,,112.2699966430664,283,170,1112,22,87,1382,133.3300018310547,846,133.3300018310547,1318,20,133,1334,121.20999908447266,,,0,,,0,77.41999816894531,240,90,4447,100,75,100,185,100,150,344,,,0,122.77999877929688,728,179.91000366210938,1801,150,100,459
HE3,,,393.20001220703125,,,0,5,246.91000366210938,221,226.77000427246094,122,240,801,20,165,1004,50000,,,0,,,0,223.1999969482422,132,250,11582,147,185,1713,220,130,220,130,,,0,144.97999572753906,120,224.9499969482422,27075,72,136.00999450683594,1364
HER,,,1550,,,0,100,1250,126,951.0399780273438,,,0,3,951.0399780273438,220,1200.0899658203125,,,0,,,0,1443.1099853515625,,,0,7,1700,1041,1100,8,1100,48,,,0,1676.2099609375,10,2350,18,80,1326,912
HEX,,,41.13999938964844,,,0,,,0,41.13999938964844,,,0,,,0,41.13999938964844,,,0,,,0,41.13999938964844,,,0,,,0,41.13999938964844,,,0,,,0,41.13999938964844,,,0,100,21,100
HHP,,,3373.25,,,0,,,0,3373.25,,,0,,,0,3373.25,,,0,,,0,3373.25,,,0,,,0,3373.25,,,0,,,0,3373.25,,,0,,,0
HMS,,,1971.6099853515625,,,0,100,1500,493,1190.6199951171875,78,1500,238,100,1100,303,575,,,0,50,750,50,1225.9000244140625,1,1239,553,30,954,515,1000,15,1000,61,,,0,1203.8699951171875,34,1280,746,132,1000,511
HNZ,,,99440.7421875,,,0,,,0,99440.7421875,,,0,,,0,99440.7421875,,,0,,,0,99440.7421875,,,0,,,0,99440.7421875,,,0,,,0,99440.7421875,,,0,,,0
HOG,,,3000,15,2500,92,,,0,4500,4,3899,35,,,0,3884.449951171875,,,0,,,0,6000,25,3900,25,,,0,3884.449951171875,,,0,,,0,3884.449951171875,,,0,,,0
HOP,,,1375.4599609375,,,0,100,1800,180,1000,,,0,1,1150,89,906.6699829101562,,,0,,,0,1999,4,4900,589,4,1650,661,906.6699829101562,,,0,,,0,3236.159912109375,248,3000,248,30,1776,615
HPC,,,13005.009765625,,,0,,,0,13005.009765625,,,0,,,0,13005.009765625,,,0,,,0,20000,1,20000,1,,,0,13005.009765625,,,0,,,0,13005.009765625,,,0,,,0
HPR,,,732931.375,,,0,,,0,732931.375,,,0,,,0,732931.375,,,0,,,0,732931.375,,,0,,,0,732931.375,,,0,,,0,732931.375,,,0,,,0
HSE,,,12900,7,13000,184,10,5000,20,10247.3095703125,5,9880,14,20,5000,21,11000,1,9500,9,,,0,7503.490234375,84,8000,164,1,6950,129,6520.85986328125,,,0,30,5000,30,12500,35,12495,82,1,8200,32
HSS,,,2261.800048828125,31,2250,499,2,1850,220,1458.239990234375,28,1990,116,20,785,100,1000,,,0,,,0,1664.1600341796875,16,1800,202,2,1170,1197,1109.52001953125,20,2000,20,,,0,2000,3,2000,250,20,1800,701
HTE,,,1704487.375,,,0,,,0,1704487.375,,,0,,,0,1704487.375,,,0,,,0,1704487.375,,,0,,,0,1704487.375,,,0,,,0,1704487.375,,,0,,,0
HYR,,,1397232.5,,,0,,,0,1397232.5,,,0,,,0,1397232.5,,,0,,,0,1397232.5,,,0,,,0,1397232.5,,,0,,,0,1397232.5,,,0,,,0
I,,,464.6099853515625,142,470,2112,,,0,517.0399780273438,2,610,101,8,504,168,634.2899780273438,,,0,,,0,423.45001220703125,17,589.989990234375,642,20,200,70,634.2899780273438,,,0,,,0,263.9200134277344,35,450.9599914550781,4022,20,80,20
IDC,20000,,20000,14,24000,26,10,20000.009765625,110,20000,,,0,100,20000,100,10433.23046875,,,0,,,0,20000,34,22000,34,100,20000,100,10433.23046875,,,0,,,0,20000,10,22000,10,100,20000,100
IMM,,,68599.8203125,,,0,,,0,68599.8203125,,,0,,,0,68599.8203125,,,0,,,0,68599.8203125,,,0,,,0,68599.8203125,,,0,,,0,68599.8203125,,,0,,,0
IND,,,2400,2,2200,47,,,0,2700,5,3000,20,2,1500,26,2000.25,,,0,,,0,2161.860107421875,50,2250,100,5,1800,25,2000.25,,,0,,,0,2044.510009765625,49,2250,74,11,1750,11
INS,,,113.44000244140625,45222,115,45222,120,108,9970,132.58999633789062,488,144,11117,400,122.01000213623047,3851,9,,,0,,,0,133.16000366210938,622,137,16973,140,118,744,160,,,0,,,0,135.80999755859375,100,169.9199981689453,17712,600,110,812
JUI,,,1109.18994140625,,,0,,,0,1109.18994140625,,,0,,,0,1109.18994140625,,,0,,,0,1109.18994140625,,,0,,,0,1109.18994140625,,,0,,,0,1109.18994140625,,,0,,,0
KOM,,,449.5899963378906,75,450,305,7,433.010009765625,1165,492.4700012207031,194,500,2490,90,458,1221,399.989990234375,297,445,307,,,0,731.489990234375,16,695,3106,14,510.010009765625,2557,350,200,400,200,,,0,492.5299987792969,54,520,4650,1950,500,3258
KV,,,12657.75,1,20000,1,20,9000,20,10493.7900390625,,,0,,,0,13713.3798828125,,,0,,,0,11986.7802734375,5,16000,22,36,11400,68,13713.3798828125,,,0,,,0,13995,6,13500,18,,,0
LBH,,,2567.179931640625,6,2700,198,8,1550,42,2512.89990234375,35,2450,254,92,2400,141,2000,,,0,,,0,2780.52001953125,2136,3000,2315,24,2400,162,1900,39,1900,67,,,0,2804.139892578125,42,2898.989990234375,178,2,2500,47
LC,,,2400,115,2400,127,1,1900,118,1800,19,1800,43,3,1200,98,3206.679931640625,,,0,,,0,1500,9,4500,9,3,1234,141,3206.679931640625,,,0,,,0,4095,5,3500,53,100,500,100
LCB,,,400000,1,425000,1,,,0,400000,,,0,,,0,330863.5625,,,0,,,0,445000,1,440000,4,1,320000,1,330863.5625,,,0,,,0,330863.5625,,,0,,,0
LCR,,,1000,1,1000,3,,,0,1989.800048828125,1,1989.800048828125,4,,,0,2970,,,0,,,0,1800,10,1990,12,,,0,2970,,,0,,,0,2000,8,2000,24,,,0
LD,,,9000,4,9000,4,,,0,6000,5,10000,5,5,5000,5,5134.419921875,,,0,,,0,9000,46,9000,127,,,0,5134.419921875,,,0,,,0,5134.419921875,1,7500,8,,,0
LDE,,,5979.1298828125,1,6200,92,4,4000.010009765625,37,5374.68017578125,4,5750,183,50,4512,61,4200,,,0,,,0,5082.0498046875,464,6000,609,61,4502,241,4200,11,4200,11,40,3600,40,6385.7900390625,10,6499.89990234375,152,4,4501,88
LDI,,,356.25,,,0,,,0,224.0399932861328,20,269,26,948,200,948,287.2099914550781,,,0,,,0,291.95001220703125,,,0,,,0,287.2099914550781,,,0,,,0,700,6,390,213,,,0
LES,,,800,72,800,150,10,750,10,1000,,,0,,,0,228.57000732421875,,,0,,,0,750,118,825,333,,,0,228.57000732421875,,,0,,,0,228.57000732421875,53,1000,53,,,0
LFE,,,197670.5,,,0,2,180000,4,156126.4375,,,0,1,200000,3,75567.2265625,,,0,,,0,233967.03125,2,250000,2,1,170000,23,75567.2265625,,,0,,,0,200000,1,500000,1,,,0
LFL,,,350000,,,0,,,0,350000,,,0,,,0,122737.671875,,,0,,,0,300000,,,0,1,300000,1,122737.671875,,,0,,,0,122737.671875,,,0,,,0
LFP,,,6000,,,0,,,0,3882.06005859375,,,0,9,2138.889892578125,9,7461.4599609375,,,0,,,0,5000,1,5000,14,,,0,7461.4599609375,,,0,,,0,7461.4599609375,,,0,,,0
LHP,,,2330.1201171875,40,2350,299,44,1800,44,1950,185,1950,185,,,0,1616.9200439453125,,,0,,,0,2000,237,2000,908,,,0,1500,12,1500,12,,,0,2310.340087890625,100,2250,100,,,0
LI,,,1077.5,11,1150,2382,50,750,72,881,63,900,407,,,0,472.2900085449219,,,0,,,0,783.9199829101562,47,800,650,100,750,164,472.2900085449219,,,0,,,0,1000,,,0,,,0
LIO,,,350,,,0,200,255,421,250,,,0,100,210,200,19000,,,0,,,0,320.6700134277344,96,399,1903,100,160,600,68.56999969482422,,,0,,,0,475,,,0,80,210,116
LIS,250000,,450000,,,0,100,250000,100,350000,,,0,100,250000,100,257504.296875,,,0,,,0,257504.296875,,,0,100,250000,100,257504.296875,,,0,,,0,257504.296875,,,0,100,250000,100
LIT,,,13124.9404296875,,,0,,,0,13124.9404296875,,,0,,,0,13124.9404296875,,,0,,,0,13124.9404296875,1,9999,1,,,0,13124.9404296875,,,0,,,0,13124.9404296875,1,9999,1,,,0
LOG,56000,,56000,8,57000,27,100,56000,100,57270.01953125,4,70000,4,100,56000,100,28263.599609375,,,0,,,0,56000,4,80000,4,100,56000,100,28263.599609375,,,0,,,0,56000,1,120000,1,100,56000,100
LSE,,,5490.830078125,13,6049,189,6,5600,47,5892.64990234375,12,6050,148,2,5500,115,4650,,,0,,,0,5151.06005859375,46,5555,568,4,4950,264,6000,15,6000,15,36,4200,36,5802.14990234375,16,5898.97998046875,72,4,4001,78
LSL,,,200000,,,0,,,0,205256.8125,1,400000,1,,,0,205256.8125,,,0,,,0,300000,,,0,,,0,205256.8125,,,0,,,0,205256.8125,,,0,,,0
LST,34,,137.07000732421875,1142,140,5003,20,125.0999984741211,3647,104.5,35,150,122,200,90,9866,41,,,0,24,41,24,141.75,100,145,2324,45,115,5249,75,8,75,41,620,70,959,190.97999572753906,19,199.99000549316406,506,64,188.97999572753906,5135
LTA,,,2735.169921875,52,2695,180,9,1515,37,2017.77001953125,1,2261,278,3,2000,121,1950,,,0,,,0,2200.320068359375,25,2227.989990234375,920,2,1800,190,2500,12,1900,28,,,0,2106.610107421875,2,2289.800048828125,142,8,1802,88
LU,,,60000,,,0,,,0,62782.37109375,,,0,,,0,62782.37109375,,,0,,,0,62782.37109375,,,0,,,0,62782.37109375,,,0,,,0,62782.37109375,,,0,,,0
MAG,87,,500,,,0,4,250,104,240,30,247.75,40,100,88,200,117.55000305175781,,,0,,,0,106.06999969482422,9,120,320,50,87.01000213623047,150,117.55000305175781,,,0,,,0,87,90,92.5,361,100,87,100
MAI,,,152.42999267578125,33,166,310,23,126,399,142.91000366210938,1,175,49,6,120,1335,171.1699981689453,,,0,,,0,164.47000122070312,24,167.9499969482422,2985,20,150,1506,110,30,110,145,,,0,120.22000122070312,14,129.99000549316406,1819,20,110.01000213623047,3715
MB,,,4500,1,5000,15,12,4400,22,4000,,,0,12,4400,23,3450.389892578125,,,0,,,0,4440.10009765625,7,4800,8,8,4400,8,3450.389892578125,,,0,,,0,6000,,,0,12,4400,12
MCB,,,349999,1,300000,1,,,0,250000,,,0,1,120000,1,167025.5625,,,0,,,0,285148.15625,1,320000,9,1,250000,1,167025.5625,,,0,,,0,167025.5625,,,0,,,0
MCG,12,36,29.350000381469727,56,27.5,17395,518,22.510000228881836,61176,27.84000015258789,301,29.860000610351562,20691,500,26,15391,24.5,750,24.5,1332,302,15,984,27.079999923706055,740,27,51484,43,26,11473,30,943,36,3219,70,30,71,35.33000183105469,100,36,100,123,35.5,1752
MEA,,,4354.16015625,4,4450,79,10,3200.010009765625,188,3000,,,0,20,2500,40,1735.760009765625,,,0,,,0,4000,32,5500,50,92,4000,813,1735.760009765625,,,0,,,0,3600,6,3977.929931640625,132,20,3001,844
MED,,,1044.02001953125,181,1449,607,7,750,353,816.3099975585938,12,797,1833,100,750,384,450,,,0,20,450,20,847.6599731445312,352,849,923,56,675,256,570,26,850,26,,,0,833.72998046875,79,650,306,15,625,326
MFE,,,110000,4,110000,4,,,0,95000,10,100000,10,,,0,44024.19140625,,,0,,,0,91000,,,0,20,60000,20,44024.19140625,,,0,,,0,1,,,0,,,0
MFK,,,275.7699890136719,189,300,189,33,130,33,217.1199951171875,18,235,118,16,130.00999450683594,946,149.6999969482422,,,0,,,0,216.60000610351562,,,0,24,250,1227,150,,,0,200,145,200,241.47999572753906,29,245,112,10,130.5,872
MFL,,,150000,,,0,2,125000,2,120000,2,180000,2,,,0,61748.23046875,,,0,,,0,150000,,,0,1,150000,1,61748.23046875,,,0,,,0,61748.23046875,,,0,,,0
MG,,,74.9800033569336,526,77,12484,90,52,1689,39.86000061035156,593,40,11291,,,0,50,,,0,,,0,67.56999969482422,6,66.98999786376953,7519,2000,47.29999923706055,3176,54.86000061035156,500,60,500,,,0,106.7300033569336,50,119.9000015258789,881,100,50.0099983215332,484
MGC,,,8591.9501953125,,,0,,,0,8591.9501953125,,,0,,,0,8591.9501953125,,,0,,,0,6740,14,6740,39,,,0,8591.9501953125,,,0,,,0,7776.919921875,,,0,,,0
MGS,,,150,226,150,2368,100,81,2362,90.2699966430664,90,107,1108,10,91,1434,41.13999938964844,,,0,,,0,75.86000061035156,113,90,1299,34,60,334,41.13999938964844,,,0,,,0,325,30,325,167,50,165,2170
MHL,,,2790,5,2500,417,100,2000,300,2229.530029296875,98,2350,235,16,1750,159,2351.52001953125,,,0,,,0,2175.72998046875,5,2550,459,56,1900,56,2351.52001953125,,,0,,,0,3347.81005859375,3,3600,150,20,2200,37
MHP,,,2445.489990234375,,,0,50,2000,50,3000,4,3190,9,,,0,2118.949951171875,,,0,,,0,2750,9,3000,9,300,2600,300,2118.949951171875,,,0,,,0,2118.949951171875,,,0,,,0
MLI,,,10268.849609375,,,0,,,0,5000,10,20700,10,,,0,10268.849609375,,,0,,,0,12000,16,19500,16,,,0,10268.849609375,,,0,,,0,10268.849609375,,,0,,,0
MPC,,,1050,123,1040,260,,,0,1329.4100341796875,1,1475,66,,,0,661.4199829101562,,,0,,,0,998.4299926757812,8,995,260,,,0,661.4199829101562,,,0,,,0,1400,10,1400,50,,,0
MSL,,,95000,,,0,1,105000,3,50000,,,0,1,80000,2,83082.453125,,,0,,,0,80000,4,130000,20,1,85000,1,83082.453125,,,0,,,0,150000,,,0,,,0
MTC,,,452.94000244140625,,,0,,,0,300,5,300,55,,,0,452.94000244140625,,,0,,,0,1,,,0,,,0,452.94000244140625,,,0,,,0,500,,,0,,,0
MTP,,,1973.31005859375,,,0,20,1600,20,2699,16,2700,16,5,2100,275,1027.6199951171875,,,0,,,0,2000,,,0,5,2300,290,1027.6199951171875,,,0,,,0,2999.989990234375,,,0,5,2126,38
MUS,,,105,,,0,28,105,441,95,,,0,20,93.01000213623047,1386,172.3000030517578,,,0,,,0,140,863,140,2863,20,115.01000213623047,1905,172.3000030517578,,,0,,,0,130,240,150,240,790,100.01000213623047,880
MWF,,,140,12,225,152,,,0,200,19,200,19,,,0,189.47000122070312,,,0,,,0,231.77000427246094,16,200,267,,,0,189.47000122070312,,,0,,,0,256.2099914550781,200,270,220,,,0
N,33,,79.77999877929688,2392,99,4096,500,71,6229,65.13999938964844,200,79.9800033569336,12712,500,52,2592,66.12000274658203,,,0,,,0,78.16999816894531,5911,80,32125,400,75.0199966430664,8135,66.12000274658203,,,0,,,0,95.9800033569336,148,98.98999786376953,4956,300,80.08000183105469,2831
NA,25,,25,257,25.020000457763672,1052,100,25,100,25,1791,25.010000228881836,4104,100,25,100,1106.219970703125,,,0,,,0,25,25,25.010000228881836,4204,100,25,100,1,,,0,,,0,25.969999313354492,128,29.989999771118164,3417,100,25,100
NAB,,,117.05999755859375,20,180,20,2930,90,5760,175.99000549316406,238,175.99000549316406,968,56,75.01000213623047,2756,126.41999816894531,,,0,,,0,98.68000030517578,195,105,941,155,60,355,65,,,0,460,65,460,127.16000366210938,180,90,649,200,70,290
NCS,,,24.899999618530273,248,24.899999618530273,4659,690,20,690,31.969999313354492,500,34,2411,8209,25,12135,16.979999542236328,,,0,,,0,29.760000228881836,50,33,26653,2749,25,3249,16.979999542236328,,,0,,,0,28,2,27.950000762939453,1352,45,20.350000381469727,45
NE,,,295,5,295,105,12,211.00999450683594,377,226.11000061035156,66,300,66,50,170,1150,300,,,0,,,0,340.4100036621094,50,384,1641,10,160,210,300,150,300,150,,,0,172.25999450683594,230,295,377,100,150,100
NF,,,5134.419921875,,,0,,,0,5134.419921875,10,10000,10,,,0,5134.419921875,,,0,,,0,5134.419921875,16,9750,16,,,0,5134.419921875,,,0,,,0,5134.419921875,,,0,,,0
NFI,,,10,6000,12,11300,,,0,9,1603,29.950000762939453,4003,1425,10,1425,6.179999828338623,,,0,,,0,7.489999771118164,2700,7.5,9656,5,2,5,6.179999828338623,,,0,,,0,8.5,40,8.5,630,,,0
NG,,,699.3400268554688,10,699,480,,,0,900,,,0,,,0,721.8099975585938,,,0,,,0,603.0599975585938,2,1748.72998046875,69,470,600,470,721.8099975585938,,,0,,,0,700,,,0,,,0
NL,,,3523.14990234375,16,3500,67,9,2500,119,1798.3800048828125,29,2220,52,10,1700.02001953125,106,2000,,,0,,,0,2649.64990234375,20,2645,382,86,2250,206,2400,26,2400,36,,,0,2545.919921875,90,2900,168,2,2110.010009765625,30
NN,,,29444.419921875,,,0,,,0,30000,1,34000,4,,,0,29444.419921875,,,0,,,0,31900,1,31800,31,,,0,29444.419921875,,,0,,,0,29444.419921875,1,50000,1,,,0
NOZ,,,43702.01171875,,,0,,,0,43702.01171875,,,0,,,0,43702.01171875,,,0,,,0,43702.01171875,,,0,,,0,43702.01171875,,,0,,,0,43702.01171875,,,0,,,0
NR,,,325.3999938964844,400,325,1050,,,0,250,4100,299,4100,650,150,650,199.5800018310547,,,0,,,0,347.6700134277344,,,0,,,0,199.5800018310547,,,0,,,0,274,50,350,50,,,0
NS,,,192.9600067138672,374,198,2340,200,171,1452,163.8800048828125,425,169,1766,300,152,8320,214.27000427246094,,,0,,,0,165.02999877929688,833,177,6236,80,165,2960,160,,,0,1000,160,1000,181.86000061035156,904,187,17416,60,160,1776
NST,,,2000,10,2000,28,,,0,1500,74,1800,100,,,0,1351.469970703125,,,0,,,0,2653.760009765625,103,3000,107,2,1700,26,1351.469970703125,,,0,,,0,1700,195,1999.9100341796875,279,4,1700,29
NUT,,,122.5199966430664,90,120,269,64,110,655,129.99000549316406,,,0,12,125,936,151.7100067138672,,,0,,,0,206.69000244140625,6,155,171,200,105.01000213623047,3967,151.7100067138672,,,0,24,90,24,98.80999755859375,10,114,603,328,100,2565
NV1,100000,,130000,3,130000,3,100,100000,100,94010.078125,,,0,100,100000,100,94010.078125,,,0,,,0,100000,,,0,100,100000,100,94010.078125,,,0,,,0,94010.078125,,,0,100,100000,100
NV2,,,130882.6328125,,,0,100,150000,100,130882.6328125,,,0,100,150000,100,130882.6328125,,,0,,,0,150000,3,220000,3,100,150000,100,130882.6328125,,,0,,,0,130882.6328125,,,0,100,150000,100
O,32,,132.47000122070312,6,175,1045,58,90,6037,126.58999633789062,3,150,5834,1000,80,6626,55,,,0,,,0,95.37999725341797,544,105,2834,5,85,6581,90,1302,90,1517,,,0,80.0999984741211,80,75.98999786376953,1482,488,65.5,2930
OFF,,,78,40,77.98999786376953,3592,40,60,320,60.599998474121094,200,65,5410,50,20,50,50.65999984741211,4,50,4,,,0,70.69000244140625,160,64,882,40,51,1840,50.65999984741211,1000,70,1500,,,0,86.2699966430664,140,85,9520,465,75,565
OLF,,,960.010009765625,72,600,72,,,0,1625,5,1625,5,,,0,960.010009765625,,,0,,,0,960.010009765625,24,1100,24,,,0,960.010009765625,,,0,,,0,1100,6,833.3800048828125,502,,,0
OS,,,40000,,,0,10,40000,10,30351.4609375,1,49000,4,,,0,30351.4609375,,,0,,,0,49889.71875,1,50000,36,,,0,30351.4609375,,,0,,,0,30351.4609375,,,0,,,0
OVE,,,82.56999969482422,1482,84.9800033569336,7441,25,73.5,645,83.44999694824219,2264,89.98999786376953,6642,10,85,3497,79,73,79,373,,,0,80.58000183105469,1919,82.5,10869,1500,70.20999908447266,10711,153,100,125,898,2,100,67,75.05000305175781,410,75,3991,10,69,5838
PCB,,,1200,,,0,,,0,1699.4000244140625,32,1700,128,40,1100.0400390625,90,807.0599975585938,,,0,,,0,2071.919921875,19,2900,25,40,1150.010009765625,107,807.0599975585938,,,0,,,0,2000,64,2500,74,10,1600,10
PDA,,,2212.929931640625,5,3300,582,40,750,40,3225.56005859375,10,3190,79,3,1800,43,1153.030029296875,,,0,5,3500,5,4081.02001953125,916,4000,938,1,3020,67,4000,28,4000,28,,,0,3492.989990234375,24,3870,74,10,3200,63
PE,,,5.809999942779541,3641,6.46999979019165,21511,75382,5,89613,5.349999904632568,3000,5.75,253471,9250,4.769999980926514,145491,4,100,6,100,,,0,5.25,49220,5.46999979019165,551613,21000,4.889999866485596,152449,5,6000,7,6000,2000,5,4000,5.5,5895,5.710000038146973,413797,8000,4.760000228881836,103569
PFE,,,377.7099914550781,20,633.3499755859375,309,80,300,80,400,20,1000,20,,,0,480.5400085449219,,,0,,,0,499.3399963378906,272,500,272,370,420,370,480.5400085449219,,,0,100,330,100,749,190,666.6599731445312,560,,,0
PG,,,27.270000457763672,115,28.799999237060547,34211,40,24,36982,24.770000457763672,450,25.8799991607666,39261,1500,23.18000030517578,22469,25,,,0,,,0,27.3799991607666,3125,28.989999771118164,199371,50,27,144309,30,10000,30,11000,7429,27,7929,27.93000030517578,600,27.899999618530273,38159,20,24.329999923706055,24886
PIB,,,1200,3,1200,3,,,0,300,,,0,,,0,596.8499755859375,,,0,,,0,600,,,0,,,0,596.8499755859375,,,0,,,0,1100,70,2200.219970703125,102,16,1100,16
PK,,,840.989990234375,,,0,,,0,840.989990234375,,,0,,,0,840.989990234375,,,0,,,0,1500,,,0,,,0,840.989990234375,,,0,,,0,840.989990234375,120,1200,120,,,0
POW,4200,,4550,3,4550,235,100,4200,100,4700,2,6000,2,100,4300,229,2364.429931640625,,,0,,,0,4325.580078125,,,0,50,4500,150,2364.429931640625,,,0,,,0,4820.77001953125,,,0,13,4500,313
PPA,,,15,,,0,20,15,20,126.05999755859375,12,99,51,15,15,15,143.52999877929688,,,0,,,0,85.19999694824219,507,100,611,,,0,143.52999877929688,160,100,160,,,0,10,4,50,4,7,10,113
PSH,,,8000,12,7000,14,,,0,5000,4,10000,4,,,0,3839.050048828125,,,0,,,0,5000,2,8500,4,,,0,3839.050048828125,,,0,,,0,8250,2,8100,26,,,0
PSL,,,3557.659912109375,4,3950,52,74,3000,137,3030.239990234375,5,3150,48,64,3000,196,1700,,,0,,,0,3162.18994140625,8,4699.990234375,158,10,2000.010009765625,42,1700,3,2500,3,,,0,3000.110107421875,24,2750,104,4,2400,124
PSM,,,1230.300048828125,110,1250,110,16,901,107,1013.47998046875,10,1150,58,50,900,188,750,,,0,,,0,2141.52001953125,54,2423.080078125,54,9,967.5800170898438,125,1321.68994140625,,,0,,,0,1000,8,4950,11,25,1000,25
PSS,,,568,1,600,15,100,400,100,450,5,450,5,7,350,27,660.8400268554688,5,450,5,,,0,417.75,10,750,10,196,350,344,660.8400268554688,,,0,,,0,515.8599853515625,3,559.97998046875,97,33,300,63
PT,,,571.6599731445312,5,599,1228,8,490,208,536.0999755859375,142,539.989990234375,1391,49,461,983,255,145,400,145,,,0,423.54998779296875,506,550,2120,500,301.010009765625,2061,400,97,400,149,,,0,394,24,398.989990234375,772,200,300.010009765625,1047
PWO,,,198.2100067138672,46,210,1506,12,161,173,198.92999267578125,54,180,1192,400,145.00999450683594,626,210,75,195,123,,,0,249.67999267578125,1216,250,1271,200,181.00999450683594,1476,299.989990234375,147,299.989990234375,375,5,250,20,186.16000366210938,22,200,1102,100,151,433
QCR,,,695000,1,700000,1,,,0,695000,,,0,,,0,365454.625,,,0,,,0,600000,,,0,6,500000,6,365454.625,,,0,,,0,599000,1,695000,1,,,0
RAD,,,5707.14013671875,,,0,12,5000,22,7000,,,0,8,5000,8,3729.22998046875,,,0,,,0,51444.26953125,4,25000,4,,,0,3729.22998046875,,,0,,,0,8000,,,0,,,0
RAG,,,259746.03125,,,0,,,0,259746.03125,,,0,,,0,259746.03125,,,0,,,0,27500,,,0,,,0,259746.03125,,,0,,,0,259746.03125,,,0,,,0
RAM,,,1250,38,1250,38,,,0,1900,23,1900,45,,,0,1252.9200439453125,,,0,,,0,2500,11,2500,47,,,0,1252.9200439453125,,,0,,,0,2350,10,2350,42,,,0
RAT,32,166,82.47000122070312,347,81.9800033569336,22142,386,81.5,8162,91.4000015258789,960,89.5,30164,30,85.06999969482422,22828,79,3132,85,4170,660,60,1860,82.69999694824219,310,80,59089,339,75,41479,99,550,99,6564,100,69,2660,66.68000030517578,250,66.77999877929688,25122,7801,65,29244
RBH,,,11582.7099609375,11,13369,237,5,8000,30,19911.25,2,17999.990234375,46,,,0,8000.830078125,,,0,,,0,10399.1201171875,2,11500,149,3,10001,112,8000.830078125,,,0,,,0,14500,36,26069,46,5,11000,41
RCO,400,,671.530029296875,120,700,123,167,600,1059,540.97998046875,14,623,75,300,515,1295,420,,,0,,,0,449.05999755859375,25,499,881,50,426.0199890136719,959,500,60,500,232,,,0,445.3500061035156,10,474,270,390,425,999
RCS,,,100000,,,0,,,0,94093.78125,2,209000,2,,,0,94093.78125,,,0,,,0,70000,,,0,,,0,94093.78125,,,0,,,0,94093.78125,,,0,,,0
RCT,,,500000,,,0,,,0,356760.5,,,0,,,0,356760.5,,,0,,,0,550000,1,550000,1,,,0,356760.5,,,0,,,0,356760.5,,,0,,,0
RDE,,,17610.640625,8,22200,159,8,13000,28,20471.25,2,20560,59,,,0,14495.8095703125,,,0,,,0,17896,30,20400,99,8,14600,8,14495.8095703125,,,0,,,0,33213.5,1,35000,45,6,18000,43
RDL,,,380631.96875,,,0,,,0,380631.96875,,,0,,,0,380631.96875,,,0,,,0,380631.96875,,,0,,,0,380631.96875,,,0,,,0,380631.96875,,,0,,,0
RDS,,,209228.40625,,,0,,,0,209228.40625,,,0,,,0,209228.40625,,,0,,,0,125000,,,0,,,0,209228.40625,,,0,,,0,209228.40625,,,0,,,0
REA,,,249.10000610351562,148,295,980,100,250,100,286.19000244140625,16,315,663,18,260,18,355.8699951171875,,,0,,,0,310,2,310,3400,30,250,4341,300,418,300,418,1000,200,1000,275,185,275,1852,,,0
RED,45000,,45000,,,0,100,45000,100,45000,,,0,100,45000,100,22540.4296875,,,0,,,0,45000,,,0,100,45000,100,22540.4296875,,,0,,,0,45000,,,0,100,45000,100
REP,,,802.47998046875,157,800,206,1,602,289,654.0700073242188,73,674.989990234375,265,100,600.010009765625,537,340,56,600,56,,,0,794.8499755859375,40,750,180,30,405,560,500,57,500,157,,,0,748.989990234375,14,748.969970703125,110,10,580,221
RG,,,1032.6099853515625,10,1500,10,40,1000,61,783.239990234375,11,780,121,24,500,24,751.5700073242188,,,0,,,0,1045.1500244140625,,,0,500,800.010009765625,1359,751.5700073242188,,,0,,,0,800,,,0,32,800,32
RGO,,,1000,29,950,88,,,0,1500,10,1200,10,,,0,798.47998046875,,,0,,,0,2418.469970703125,,,0,4,1900,4,798.47998046875,,,0,,,0,798.47998046875,,,0,,,0
RHP,,,4150.77001953125,39,4800,39,8,3500,41,2700.739990234375,,,0,25,3300,40,2700.739990234375,,,0,,,0,3600,,,0,25,3300,25,2700.739990234375,,,0,,,0,2700.739990234375,,,0,,,0
ROM,,,2500,6,2500,26,100,1800,100,2950,,,0,100,1800,100,1931.5799560546875,,,0,,,0,1995,20,4000,20,40,2001,360,1931.5799560546875,,,0,,,0,3200,6,2500,41,40,1900,80
RSE,,,18879.150390625,1,22300,156,18,10000,18,24896.349609375,1,36968.98828125,38,,,0,12026.7197265625,,,0,,,0,20798.7109375,4,25000,4,4,16734,84,12026.7197265625,,,0,,,0,26433.390625,38,27111,63,4,19000,84
RSH,,,17292.380859375,,,0,,,0,17292.380859375,,,0,,,0,17292.380859375,,,0,,,0,17292.380859375,,,0,,,0,17292.380859375,,,0,,,0,17292.380859375,1,43000,1,,,0
RSI,,,1027.3900146484375,,,0,,,0,1378.0400390625,39,1900,104,27,1200,27,686.77001953125,,,0,,,0,1600,15,1400,15,200,500,200,686.77001953125,,,0,,,0,800,,,0,8,1000,16
RTA,,,11273.509765625,8,12900,49,10,6000,10,14851.7900390625,2,14000,2,2,9000,2,8308.73046875,,,0,,,0,11880.9404296875,1,12300,27,3,10200,54,8308.73046875,,,0,,,0,16000,16,12994.990234375,60,15,9000,30
S,,,144.97999572753906,65,144,265,80,95,385,94.41000366210938,10,94.41000366210938,846,50,35.0099983215332,250,85.83999633789062,,,0,,,0,32.59000015258789,12,37,1085,158,23,433,85.83999633789062,,,0,,,0,86.9800033569336,50,89.9800033569336,235,,,0
SA,,,3422.949951171875,2,6500,2,,,0,3422.949951171875,2,5000,2,,,0,3422.949951171875,,,0,,,0,6000,35,6000,123,,,0,3422.949951171875,,,0,,,0,3422.949951171875,1,6000,1,,,0
SAL,,,6000,2,6500,2,,,0,6000,5,10000,5,,,0,3422.949951171875,,,0,,,0,6000,31,6000,113,,,0,3422.949951171875,,,0,,,0,3422.949951171875,1,6000,1,,,0
SAR,,,19250,2,19250,69,10,7500,10,22000,1,24000,1,2,10000,2,9628.83984375,,,0,,,0,20000,,,0,20,15000,70,9628.83984375,,,0,,,0,22500,4,16000,4,,,0
SC,,,1254.800048828125,16,1200,122,1,1000.010009765625,5,1080.7099609375,20,1040,166,10,1000,10,1500,,,0,,,0,1078.3199462890625,17,1080,1015,20,750,20,1500,56,1500,66,,,0,1220,25,1220,517,20,750,20
SCB,,,35000,,,0,,,0,70000,,,0,,,0,54712.01171875,,,0,,,0,57000,2,57000,2,,,0,54712.01171875,,,0,,,0,2686,,,0,,,0
SCN,,,1367.300048828125,43,1499,465,14,1000,137,1661.3599853515625,20,1700,233,1,1051,16,1500,,,0,,,0,1943.3399658203125,20,1900,195,1,1691,112,1150,18,2000,18,1,1150,1,2320.780029296875,51,2499.889892578125,263,16,1500,101
SCR,,,150,13,150,13,8,100,208,82,26,100,285,20,85,120,82.29000091552734,,,0,,,0,82,33,82.01000213623047,90,100,82,100,82.29000091552734,30,140,30,,,0,82,40,86.98999786376953,297,100,82,100
SDR,72000,,72001,100,80000,100,7,72001,107,72000,9,75000,9,100,72000,100,37259.4296875,,,0,,,0,72000,,,0,100,72000,100,37259.4296875,,,0,,,0,72000,,,0,100,72000,100
SEA,,,98,210,119.98999786376953,6115,100,60.0099983215332,1070,76,200,79,2620,5258,76,5258,73.05000305175781,,,0,,,0,87.9800033569336,302,88,6606,170,55.810001373291016,320,150,165,150,327,,,0,101.11000061035156,772,101.11000061035156,3025,200,81,330
SEN,,,750,550,700,1660,4,500,1054,700,,,0,10,450,10,285.3699951171875,,,0,,,0,749.6099853515625,1101,750,1121,10,550,40,285.3699951171875,,,0,,,0,599.5499877929688,85,600,85,10,450,210
SEQ,,,9000,,,0,,,0,8079.85986328125,,,0,,,0,8079.85986328125,,,0,,,0,10000,,,0,20,10000,20,8079.85986328125,,,0,,,0,8079.85986328125,,,0,,,0
SF,6,16,10.859999656677246,2071,10.890000343322754,196270,300,10.100000381469727,22045,8.6899995803833,5515,8.399999618530273,282046,400,8.210000038146973,269761,10,5100,10,33433,,,0,10.770000457763672,20363,10.800000190734863,142915,2000,10.680000305175781,76404,14.5,812,14.5,8303,100,6,100,10.739999771118164,400,10.800000190734863,258576,225,10.0600004196167,70114
SFE,,,55000,3,55000,13,,,0,60000,17,60000,17,,,0,25161.3203125,,,0,,,0,80000,,,0,25,40000,25,25161.3203125,,,0,,,0,1,,,0,,,0
SFK,,,59.150001525878906,253,55,1588,25,42.04999923706055,265,72.66000366210938,1111,49.9900016784668,3549,491,21,491,42.5,,,0,,,0,53.88999938964844,77,55,7689,44,41,3424,42.5,150,50,150,,,0,79,296,79,1704,30,71.5,589
SFL,,,85000,2,85000,2,,,0,30850.880859375,,,0,,,0,30850.880859375,,,0,,,0,45000,,,0,,,0,30850.880859375,,,0,,,0,30850.880859375,,,0,,,0
SI,,,458.1600036621094,24,520,916,11,500,324,344.760009765625,80,335,1326,20,200,20,884.1400146484375,,,0,,,0,298.0299987792969,66,324,6384,30,200,355,884.1400146484375,40,500,60,,,0,420,32,399.989990234375,983,30,200,50
SIL,,,2000,26,2250,33,,,0,2400,9,2400,24,,,0,2300.8798828125,,,0,,,0,500,78,1750,78,,,0,2300.8798828125,,,0,,,0,2995,12,2000,46,2,1000,2
SIO,38,,80.41999816894531,67,79,1099,465,50,751,56.0099983215332,36,60,3582,100,51.099998474121094,4873,45,,,0,,,0,63.66999816894531,92,74.97000122070312,4052,10000,40.29999923706055,10972,40,46,40,46,,,0,97.55000305175781,73,109,1367,100,72,1150
SNM,,,50000,,,0,,,0,77019.203125,,,0,,,0,77019.203125,,,0,,,0,130000,6,130000,49,,,0,77019.203125,,,0,,,0,77019.203125,,,0,,,0
SOI,,,360,86,360,1739,150,300,150,400,450,360,900,,,0,299.3699951171875,,,0,,,0,500,800,500,800,,,0,299.3699951171875,10,320,10,100,250,200,329,80,329,1736,500,210,580
SOL,,,1000,,,0,,,0,1125,36,1050,321,,,0,450.1700134277344,,,0,,,0,1000,9,900,189,,,0,450.1700134277344,,,0,,,0,777,33,1350,181,,,0
SP,,,1703.5799560546875,158,2000,179,100,1500,100,1937.5400390625,,,0,10,1600,110,1123.4200439453125,,,0,,,0,1750,32,1750,62,100,1500,100,1123.4200439453125,,,0,,,0,1643.97998046875,6,2400,6,100,1500,100
SRD,53000,,53000,6,60000,6,4,53000.01171875,104,53000,,,0,100,53000,100,29394,,,0,,,0,53000,,,0,100,53000,100,29394,,,0,,,0,53000,,,0,100,53000,100
SRP,,,8705.3203125,,,0,,,0,8705.3203125,,,0,,,0,8705.3203125,,,0,,,0,8705.3203125,,,0,,,0,8705.3203125,,,0,,,0,8705.3203125,,,0,,,0
SSC,,,271.9800109863281,162,275,900,62,240,62,248.38999938964844,33,248,305,,,0,224,,,0,,,0,300,137,300,494,25,240,96,224,,,0,,,0,248.3300018310547,5,249,704,,,0
SSL,,,40000,,,0,,,0,40000,5,35000,5,,,0,18181.990234375,,,0,,,0,37000,,,0,,,0,18181.990234375,,,0,,,0,30000,,,0,,,0
STL,,,1539.239990234375,2,1250,6,186,1200,196,1505.699951171875,10,1865,20,1,999,679,800,,,0,,,0,1117.8599853515625,32,4000,32,71,1050,2104,900,,,0,,,0,1257.1800537109375,18,1299.989990234375,18,100,900,589
STR,1000,,1500,,,0,25,1100,145,2528.010009765625,32,1989.780029296875,107,2,1400,102,1491.9300537109375,,,0,,,0,1867.969970703125,24,2100,80,50,1005.0999755859375,150,1491.9300537109375,,,0,,,0,1000,14,2200,18,100,1000,100
STS,,,96213.09375,,,0,,,0,96213.09375,,,0,,,0,96213.09375,,,0,,,0,100000,1,140000,1,1,40000,1,96213.09375,,,0,,,0,96213.09375,,,0,,,0
SU,,,111117.921875,,,0,,,0,111117.921875,,,0,,,0,111117.921875,,,0,,,0,111117.921875,,,0,,,0,111117.921875,,,0,,,0,111117.921875,,,0,,,0
SUD,75000,,75000.421875,6,85000,6,10,75001,110,75000,,,0,100,75000,100,37986.578125,,,0,,,0,75000,,,0,100,75000,100,37986.578125,,,0,,,0,75000,,,0,100,75000,100
SUN,,,332.57000732421875,20,334.989990234375,234,20,110,40,380,305,300,505,100,207.50999450683594,310,307.9100036621094,,,0,,,0,386.510009765625,100,300,662,50,172.11000061035156,50,150,400,300,400,,,0,311.8599853515625,80,368,210,10,360,60
SWF,,,111.94999694824219,34,120,1454,,,0,90,530,90,530,20,60,667,81.31999969482422,,,0,,,0,100,13,100,2665,50,57.36000061035156,250,110,,,0,100,110,100,119,180,119,947,83,80,83
TA,,,15654.740234375,3,15000,55,5,8000,5,18000,4,21000,15,1,11000,1,6474.83984375,,,0,,,0,16316.4296875,3,20000,5,5,13100.009765625,11,6474.83984375,,,0,,,0,22900,6,21500,60,2,11000,5
TAC,,,92085.1328125,,,0,,,0,92085.1328125,,,0,,,0,92085.1328125,,,0,,,0,92085.1328125,,,0,,,0,92085.1328125,,,0,,,0,92085.1328125,,,0,,,0
TAI,,,415,20,410,307,,,0,550,119,550,584,20,300,150,121.01000213623047,,,0,,,0,650,43,600,443,120,250,120,121.01000213623047,,,0,,,0,211.30999755859375,80,500,314,168,150.02000427246094,188
TC,,,3861.31005859375,1,25000,1,7,7000,7,10000,10,8000,13,,,0,3861.31005859375,,,0,,,0,4000,,,0,,,0,3861.31005859375,,,0,,,0,3861.31005859375,,,0,,,0
TCB,,,15000,,,0,,,0,9675.330078125,,,0,,,0,9675.330078125,,,0,,,0,13000,12,11000,12,,,0,9675.330078125,,,0,,,0,9675.330078125,,,0,,,0
TCL,,,2200,11,2200,269,500,1400,619,1899,6,1998,22,10,1500,110,1926.6600341796875,,,0,,,0,2900,68,2800,142,5,2000,38,1926.6600341796875,,,0,,,0,2195,2,2195,12,7,1500,7
TCO,,,1000,64,1400,108,,,0,950,15,1200,35,,,0,700,,,0,,,0,1570.8299560546875,10,1700,822,,,0,600,17,600,135,,,0,1249.989990234375,,,0,50,1000,50
TCS,,,5000,,,0,20,4500,20,4000,5,4800,5,,,0,2199.889892578125,,,0,,,0,8000,,,0,6,3500,8,2199.889892578125,,,0,,,0,4800,12,8000,12,,,0
TCU,,,90000,,,0,,,0,70671.4296875,,,0,,,0,70671.4296875,,,0,,,0,70671.4296875,,,0,,,0,70671.4296875,,,0,,,0,70671.4296875,,,0,,,0
THF,,,400,250,400,250,100,280,1040,333,727,333,1057,20,281.0199890136719,680,526.77001953125,,,0,,,0,243.55999755859375,300,300,1358,100,150,100,280,180,300,180,,,0,500,22,500,131,2000,300,2010
THP,,,3600,80,3350,84,36,3000,36,2391.639892578125,6,3400,9,,,0,2391.639892578125,,,0,,,0,3500,4,3300,9,10,3000,10,2391.639892578125,,,0,,,0,3350,10,3350,10,,,0
TI,,,1528.239990234375,30,2397,234,122,1500,232,2099.949951171875,10,5000,10,,,0,830.9000244140625,,,0,,,0,1305.8699951171875,8,1200,481,,,0,2250,,,0,,,0,1699,120,1698,331,2,1500,22
TIO,74,,180.88999938964844,480,250,689,4,100,1084,145,179,150,179,80,75,180,74.80999755859375,,,0,,,0,110.94000244140625,376,150,8192,500,75,601,74.80999755859375,,,0,,,0,155,100,155,1123,100,74,100
TK,,,18000,,,0,,,0,20480.099609375,,,0,,,0,20480.099609375,,,0,,,0,20480.099609375,,,0,,,0,20480.099609375,,,0,,,0,20480.099609375,,,0,,,0
TPU,,,1500,,,0,,,0,1750,28,1800,28,,,0,1184.77001953125,,,0,,,0,1800,,,0,3,1600,23,1184.77001953125,,,0,,,0,2800,1,2800,11,,,0
TRA,,,700,14,1000,30,,,0,1000,1,1000,1,,,0,850.7100219726562,,,0,,,0,1218.4000244140625,2,1200,50,,,0,850.7100219726562,,,0,,,0,1777,1,1777,15,,,0
TRN,,,259.1499938964844,312,260,312,20,201,613,199.99000549316406,20,199,266,40,176.00999450683594,525,189.47000122070312,,,0,,,0,229.82000732421875,50,313,287,80,176.00999450683594,372,189.47000122070312,,,0,,,0,240,482,240,582,2,200,70
TRU,,,213.14999389648438,16,219.99000549316406,1818,60,120,1232,244.80999755859375,122,244,2597,7,235.55999755859375,119,225,,,0,,,0,253.41000366210938,973,279.8999938964844,1509,5,193.00999450683594,687,350,94,350,122,1,62.5,1,291.42999267578125,3,320,266,24,315,346
TS,,,85,,,0,,,0,180,124,180,124,60,71,128,74.80999755859375,,,0,,,0,99.5,127,99.5,144,10,65.33000183105469,145,74.80999755859375,,,0,,,0,79.98999786376953,100,84,579,,,0
TSH,,,44000,2,30000,6,,,0,30000,,,0,,,0,16496.119140625,,,0,,,0,30000,4,29500,9,1,17500.009765625,1,16496.119140625,,,0,,,0,29180.7109375,2,30000,2,10,16000,10
TUB,,,199.99000549316406,460,198.99000549316406,1499,,,0,136.5800018310547,60,130,810,40,90,40,167.9499969482422,,,0,,,0,147.9600067138672,80,240,880,280,125,280,120,,,0,,,0,100,160,100,1130,,,0
UTS,2200,,4500,4,4499,10,6,2300,158,3057.35009765625,15,3200,15,100,2200,100,3426.780029296875,,,0,,,0,2789.56005859375,4,3600,32,580,2300,680,3426.780029296875,,,0,,,0,3917.56005859375,42,4000,59,500,2200.010009765625,600
VCB,,,320000,,,0,,,0,327870.03125,,,0,,,0,327870.03125,,,0,,,0,327870.03125,,,0,,,0,327870.03125,,,0,,,0,327870.03125,,,0,,,0
VEG,88,,123.66000366210938,66,140,74,17,105,816,103.45999908447266,91,120,111,474,90,828,100,51,100,51,,,0,123.58999633789062,628,130,2704,484,120,2465,100,,,0,,,0,105.73999786376953,385,120,593,800,111,2715
VG,,,3500,,,0,10,5000,28,3000,,,0,8,2000,221,2500,,,0,,,0,3465,,,0,20,2500,365,2500,15,2500,15,,,0,3258.25,,,0,1,2300,207
VIT,,,595.9500122070312,181,595.9500122070312,181,,,0,337.3299865722656,300,650,300,,,0,337.3299865722656,,,0,,,0,337.3299865722656,16,499,48,20,400,80,337.3299865722656,,,0,,,0,650,100,511.1499938964844,154,20,400,80
VSC,,,40000,,,0,,,0,16575.669921875,,,0,,,0,16575.669921875,,,0,,,0,20001.830078125,,,0,,,0,16575.669921875,,,0,,,0,16575.669921875,,,0,,,0
W,,,14802.0302734375,,,0,100,13000,111,15000,,,0,10,14000,10,6255.1201171875,,,0,,,0,13330.5302734375,1,19500,57,40,12000,40,6255.1201171875,,,0,,,0,14089.349609375,5,15000,5,,,0
WAI,,,90000,1,90000,4,,,0,90000,1,90000,1,,,0,52242.44921875,,,0,,,0,81588.03125,1,79000,83,,,0,52242.44921875,,,0,,,0,100000,12,100000,12,,,0
WAL,,,5431.9599609375,20,5000,20,,,0,3500,10,8750,10,,,0,2803.2900390625,,,0,,,0,6000,14,5750,25,,,0,2803.2900390625,,,0,,,0,6000,1,6000,1,,,0
WCB,,,366850.625,,,0,,,0,329430.03125,,,0,,,0,329430.03125,,,0,,,0,424000,2,425000,13,,,0,329430.03125,,,0,,,0,329430.03125,,,0,,,0
WIN,,,4375,106,4375,106,10,2550,10,2222,,,0,5,2222,5,2950.47998046875,,,0,,,0,3001.85009765625,,,0,24,2750,114,2950.47998046875,100,5000,100,,,0,4600,1,4600,34,8,3000,128
WM,,,6845.89990234375,,,0,,,0,5000,,,0,,,0,6845.89990234375,,,0,,,0,6845.89990234375,24,13000,24,,,0,6845.89990234375,,,0,,,0,6845.89990234375,,,0,,,0
WOR,,,85079.6328125,,,0,,,0,85079.6328125,,,0,,,0,85079.6328125,,,0,,,0,85079.6328125,,,0,10,85000,10,85079.6328125,,,0,,,0,85079.6328125,,,0,,,0
WR,50000,,78600.953125,,,0,100,50000,100,50001,,,0,1,50000.01171875,101,78600.953125,,,0,,,0,50000,,,0,100,50000,100,78600.953125,,,0,,,0,78600.953125,,,0,100,50000,100
WS,,,4431.009765625,10,4400,88,1,3100,18,6500,44,6500,44,15,2000,15,2609.800048828125,,,0,,,0,4500,4,4500,45,9,2001,24,2609.800048828125,,,0,,,0,2357.659912109375,17,5750,22,6,2001,41
ZIR,,,500,,,0,57,500,107,1000,9,1000,299,,,0,117.55000305175781,,,0,,,0,500,237,500,1231,55,389.6400146484375,255,117.55000305175781,,,0,,,0,963.8900146484375,72,1000,72,,,0
ZR,,,11000,,,0,87,11000,100,11652.7802734375,,,0,89,11700,89,5988.47998046875,,,0,,,0,12000,,,0,40,6000,40,5988.47998046875,,,0,,,0,12000,,,0,,,0

